series,scenario,replication,run_id,source,metric,method,true_change_step,first_signal_step,signal_count,detection_delay,is_false_alarm,mu_hat,sigma_hat,baseline_size,n_phase2_steps,n_total_observations,degradation,deg_value,deg_start,seed
series4_boundaries,baseline_20,1,series4_boundaries__baseline_20__rep01,exp_source,mean,shewhart,,70,31,70,True,100.25354631911516,0.804850543563815,20,1000,20400,none,0,,1
series4_boundaries,baseline_20,1,series4_boundaries__baseline_20__rep01,exp_source,mean,cusum,,61,36,61,True,100.25354631911516,0.804850543563815,20,1000,20400,none,0,,1
series4_boundaries,baseline_20,1,series4_boundaries__baseline_20__rep01,exp_source,mean,ewma,,61,69,61,True,100.25354631911516,0.804850543563815,20,1000,20400,none,0,,1
series4_boundaries,baseline_20,2,series4_boundaries__baseline_20__rep02,exp_source,mean,shewhart,,886.0,1,886.0,True,100.09394307466818,1.313657893395176,20,1000,20400,none,0,,2
series4_boundaries,baseline_20,2,series4_boundaries__baseline_20__rep02,exp_source,mean,cusum,,,0,,False,100.09394307466818,1.313657893395176,20,1000,20400,none,0,,2
series4_boundaries,baseline_20,2,series4_boundaries__baseline_20__rep02,exp_source,mean,ewma,,,0,,False,100.09394307466818,1.313657893395176,20,1000,20400,none,0,,2
series4_boundaries,baseline_20,3,series4_boundaries__baseline_20__rep03,exp_source,mean,shewhart,,706.0,2,706.0,True,99.95992596744614,1.3420191246552473,20,1000,20400,none,0,,3
series4_boundaries,baseline_20,3,series4_boundaries__baseline_20__rep03,exp_source,mean,cusum,,,0,,False,99.95992596744614,1.3420191246552473,20,1000,20400,none,0,,3
series4_boundaries,baseline_20,3,series4_boundaries__baseline_20__rep03,exp_source,mean,ewma,,,0,,False,99.95992596744614,1.3420191246552473,20,1000,20400,none,0,,3
series4_boundaries,baseline_20,4,series4_boundaries__baseline_20__rep04,exp_source,mean,shewhart,,378,2,378,True,100.4028910134411,1.1168349575694283,20,1000,20400,none,0,,4
series4_boundaries,baseline_20,4,series4_boundaries__baseline_20__rep04,exp_source,mean,cusum,,82,16,82,True,100.4028910134411,1.1168349575694283,20,1000,20400,none,0,,4
series4_boundaries,baseline_20,4,series4_boundaries__baseline_20__rep04,exp_source,mean,ewma,,81,21,81,True,100.4028910134411,1.1168349575694283,20,1000,20400,none,0,,4
series4_boundaries,baseline_20,5,series4_boundaries__baseline_20__rep05,exp_source,mean,shewhart,,58,10,58,True,100.1767184385129,0.9566027716207287,20,1000,20400,none,0,,5
series4_boundaries,baseline_20,5,series4_boundaries__baseline_20__rep05,exp_source,mean,cusum,,58,16,58,True,100.1767184385129,0.9566027716207287,20,1000,20400,none,0,,5
series4_boundaries,baseline_20,5,series4_boundaries__baseline_20__rep05,exp_source,mean,ewma,,58,20,58,True,100.1767184385129,0.9566027716207287,20,1000,20400,none,0,,5
series4_boundaries,baseline_20,6,series4_boundaries__baseline_20__rep06,exp_source,mean,shewhart,,370,4,370,True,100.20341948627872,1.0172848011665714,20,1000,20400,none,0,,6
series4_boundaries,baseline_20,6,series4_boundaries__baseline_20__rep06,exp_source,mean,cusum,,432,12,432,True,100.20341948627872,1.0172848011665714,20,1000,20400,none,0,,6
series4_boundaries,baseline_20,6,series4_boundaries__baseline_20__rep06,exp_source,mean,ewma,,432,15,432,True,100.20341948627872,1.0172848011665714,20,1000,20400,none,0,,6
series4_boundaries,baseline_20,7,series4_boundaries__baseline_20__rep07,exp_source,mean,shewhart,,10,53,10,True,99.74973227636389,0.7274150636164907,20,1000,20400,none,0,,7
series4_boundaries,baseline_20,7,series4_boundaries__baseline_20__rep07,exp_source,mean,cusum,,10,54,10,True,99.74973227636389,0.7274150636164907,20,1000,20400,none,0,,7
series4_boundaries,baseline_20,7,series4_boundaries__baseline_20__rep07,exp_source,mean,ewma,,29,104,29,True,99.74973227636389,0.7274150636164907,20,1000,20400,none,0,,7
series4_boundaries,baseline_20,8,series4_boundaries__baseline_20__rep08,exp_source,mean,shewhart,,109,4,109,True,99.96690358404159,1.047754889729659,20,1000,20400,none,0,,8
series4_boundaries,baseline_20,8,series4_boundaries__baseline_20__rep08,exp_source,mean,cusum,,46,3,46,True,99.96690358404159,1.047754889729659,20,1000,20400,none,0,,8
series4_boundaries,baseline_20,8,series4_boundaries__baseline_20__rep08,exp_source,mean,ewma,,46,3,46,True,99.96690358404159,1.047754889729659,20,1000,20400,none,0,,8
series4_boundaries,baseline_20,9,series4_boundaries__baseline_20__rep09,exp_source,mean,shewhart,,40,38,40,True,100.22183802629253,0.8482501507027658,20,1000,20400,none,0,,9
series4_boundaries,baseline_20,9,series4_boundaries__baseline_20__rep09,exp_source,mean,cusum,,53,33,53,True,100.22183802629253,0.8482501507027658,20,1000,20400,none,0,,9
series4_boundaries,baseline_20,9,series4_boundaries__baseline_20__rep09,exp_source,mean,ewma,,57,43,57,True,100.22183802629253,0.8482501507027658,20,1000,20400,none,0,,9
series4_boundaries,baseline_20,10,series4_boundaries__baseline_20__rep10,exp_source,mean,shewhart,,7,40,7,True,100.25537401562859,0.7840597442451611,20,1000,20400,none,0,,10
series4_boundaries,baseline_20,10,series4_boundaries__baseline_20__rep10,exp_source,mean,cusum,,21,42,21,True,100.25537401562859,0.7840597442451611,20,1000,20400,none,0,,10
series4_boundaries,baseline_20,10,series4_boundaries__baseline_20__rep10,exp_source,mean,ewma,,21,83,21,True,100.25537401562859,0.7840597442451611,20,1000,20400,none,0,,10
series4_boundaries,baseline_20,11,series4_boundaries__baseline_20__rep11,exp_source,mean,shewhart,,2,33,2,True,99.96329390691155,0.7807813430523536,20,1000,20400,none,0,,11
series4_boundaries,baseline_20,11,series4_boundaries__baseline_20__rep11,exp_source,mean,cusum,,12,38,12,True,99.96329390691155,0.7807813430523536,20,1000,20400,none,0,,11
series4_boundaries,baseline_20,11,series4_boundaries__baseline_20__rep11,exp_source,mean,ewma,,2,42,2,True,99.96329390691155,0.7807813430523536,20,1000,20400,none,0,,11
series4_boundaries,baseline_20,12,series4_boundaries__baseline_20__rep12,exp_source,mean,shewhart,,779,1,779,True,99.53833628151699,1.361661329452414,20,1000,20400,none,0,,12
series4_boundaries,baseline_20,12,series4_boundaries__baseline_20__rep12,exp_source,mean,cusum,,411,5,411,True,99.53833628151699,1.361661329452414,20,1000,20400,none,0,,12
series4_boundaries,baseline_20,12,series4_boundaries__baseline_20__rep12,exp_source,mean,ewma,,170,6,170,True,99.53833628151699,1.361661329452414,20,1000,20400,none,0,,12
series4_boundaries,baseline_20,13,series4_boundaries__baseline_20__rep13,exp_source,mean,shewhart,,50,5,50,True,99.88967478180666,0.9632024671247237,20,1000,20400,none,0,,13
series4_boundaries,baseline_20,13,series4_boundaries__baseline_20__rep13,exp_source,mean,cusum,,215,8,215,True,99.88967478180666,0.9632024671247237,20,1000,20400,none,0,,13
series4_boundaries,baseline_20,13,series4_boundaries__baseline_20__rep13,exp_source,mean,ewma,,215,13,215,True,99.88967478180666,0.9632024671247237,20,1000,20400,none,0,,13
series4_boundaries,baseline_20,14,series4_boundaries__baseline_20__rep14,exp_source,mean,shewhart,,11,67,11,True,99.27783138672368,0.8295623327161106,20,1000,20400,none,0,,14
series4_boundaries,baseline_20,14,series4_boundaries__baseline_20__rep14,exp_source,mean,cusum,,11,141,11,True,99.27783138672368,0.8295623327161106,20,1000,20400,none,0,,14
series4_boundaries,baseline_20,14,series4_boundaries__baseline_20__rep14,exp_source,mean,ewma,,11,415,11,True,99.27783138672368,0.8295623327161106,20,1000,20400,none,0,,14
series4_boundaries,baseline_20,15,series4_boundaries__baseline_20__rep15,exp_source,mean,shewhart,,102,7,102,True,99.74977796093886,1.0696635284702598,20,1000,20400,none,0,,15
series4_boundaries,baseline_20,15,series4_boundaries__baseline_20__rep15,exp_source,mean,cusum,,106,12,106,True,99.74977796093886,1.0696635284702598,20,1000,20400,none,0,,15
series4_boundaries,baseline_20,15,series4_boundaries__baseline_20__rep15,exp_source,mean,ewma,,103,27,103,True,99.74977796093886,1.0696635284702598,20,1000,20400,none,0,,15
series4_boundaries,baseline_20,16,series4_boundaries__baseline_20__rep16,exp_source,mean,shewhart,,68,10,68,True,100.02768969265522,1.0085220972037159,20,1000,20400,none,0,,16
series4_boundaries,baseline_20,16,series4_boundaries__baseline_20__rep16,exp_source,mean,cusum,,308,3,308,True,100.02768969265522,1.0085220972037159,20,1000,20400,none,0,,16
series4_boundaries,baseline_20,16,series4_boundaries__baseline_20__rep16,exp_source,mean,ewma,,311,7,311,True,100.02768969265522,1.0085220972037159,20,1000,20400,none,0,,16
series4_boundaries,baseline_20,17,series4_boundaries__baseline_20__rep17,exp_source,mean,shewhart,,136,8,136,True,99.99586333116886,1.032997770130594,20,1000,20400,none,0,,17
series4_boundaries,baseline_20,17,series4_boundaries__baseline_20__rep17,exp_source,mean,cusum,,176,5,176,True,99.99586333116886,1.032997770130594,20,1000,20400,none,0,,17
series4_boundaries,baseline_20,17,series4_boundaries__baseline_20__rep17,exp_source,mean,ewma,,175,6,175,True,99.99586333116886,1.032997770130594,20,1000,20400,none,0,,17
series4_boundaries,baseline_20,18,series4_boundaries__baseline_20__rep18,exp_source,mean,shewhart,,613,1,613,True,100.13287199769808,1.3912409893859796,20,1000,20400,none,0,,18
series4_boundaries,baseline_20,18,series4_boundaries__baseline_20__rep18,exp_source,mean,cusum,,613,1,613,True,100.13287199769808,1.3912409893859796,20,1000,20400,none,0,,18
series4_boundaries,baseline_20,18,series4_boundaries__baseline_20__rep18,exp_source,mean,ewma,,613,3,613,True,100.13287199769808,1.3912409893859796,20,1000,20400,none,0,,18
series4_boundaries,baseline_20,19,series4_boundaries__baseline_20__rep19,exp_source,mean,shewhart,,77,5,77,True,99.72757280096987,1.0267501386965483,20,1000,20400,none,0,,19
series4_boundaries,baseline_20,19,series4_boundaries__baseline_20__rep19,exp_source,mean,cusum,,77,10,77,True,99.72757280096987,1.0267501386965483,20,1000,20400,none,0,,19
series4_boundaries,baseline_20,19,series4_boundaries__baseline_20__rep19,exp_source,mean,ewma,,77,25,77,True,99.72757280096987,1.0267501386965483,20,1000,20400,none,0,,19
series4_boundaries,baseline_20,20,series4_boundaries__baseline_20__rep20,exp_source,mean,shewhart,,605,2,605,True,100.17518124559506,1.0847281542221319,20,1000,20400,none,0,,20
series4_boundaries,baseline_20,20,series4_boundaries__baseline_20__rep20,exp_source,mean,cusum,,139,4,139,True,100.17518124559506,1.0847281542221319,20,1000,20400,none,0,,20
series4_boundaries,baseline_20,20,series4_boundaries__baseline_20__rep20,exp_source,mean,ewma,,139,3,139,True,100.17518124559506,1.0847281542221319,20,1000,20400,none,0,,20
series4_boundaries,baseline_20,21,series4_boundaries__baseline_20__rep21,exp_source,mean,shewhart,,53,1,53,True,99.99902807351329,1.1070414585058999,20,1000,20400,none,0,,21
series4_boundaries,baseline_20,21,series4_boundaries__baseline_20__rep21,exp_source,mean,cusum,,12,7,12,True,99.99902807351329,1.1070414585058999,20,1000,20400,none,0,,21
series4_boundaries,baseline_20,21,series4_boundaries__baseline_20__rep21,exp_source,mean,ewma,,12,8,12,True,99.99902807351329,1.1070414585058999,20,1000,20400,none,0,,21
series4_boundaries,baseline_20,22,series4_boundaries__baseline_20__rep22,exp_source,mean,shewhart,,50,11,50,True,100.48212066634592,1.0514974192704063,20,1000,20400,none,0,,22
series4_boundaries,baseline_20,22,series4_boundaries__baseline_20__rep22,exp_source,mean,cusum,,29,29,29,True,100.48212066634592,1.0514974192704063,20,1000,20400,none,0,,22
series4_boundaries,baseline_20,22,series4_boundaries__baseline_20__rep22,exp_source,mean,ewma,,51,61,51,True,100.48212066634592,1.0514974192704063,20,1000,20400,none,0,,22
series4_boundaries,baseline_20,23,series4_boundaries__baseline_20__rep23,exp_source,mean,shewhart,,184,9,184,True,99.82869952500909,0.9797093314916043,20,1000,20400,none,0,,23
series4_boundaries,baseline_20,23,series4_boundaries__baseline_20__rep23,exp_source,mean,cusum,,360,10,360,True,99.82869952500909,0.9797093314916043,20,1000,20400,none,0,,23
series4_boundaries,baseline_20,23,series4_boundaries__baseline_20__rep23,exp_source,mean,ewma,,360,14,360,True,99.82869952500909,0.9797093314916043,20,1000,20400,none,0,,23
series4_boundaries,baseline_20,24,series4_boundaries__baseline_20__rep24,exp_source,mean,shewhart,,605,1,605,True,99.9307304370819,1.1302437632825693,20,1000,20400,none,0,,24
series4_boundaries,baseline_20,24,series4_boundaries__baseline_20__rep24,exp_source,mean,cusum,,704,1,704,True,99.9307304370819,1.1302437632825693,20,1000,20400,none,0,,24
series4_boundaries,baseline_20,24,series4_boundaries__baseline_20__rep24,exp_source,mean,ewma,,505,2,505,True,99.9307304370819,1.1302437632825693,20,1000,20400,none,0,,24
series4_boundaries,baseline_20,25,series4_boundaries__baseline_20__rep25,exp_source,mean,shewhart,,158,12,158,True,99.95242273321587,0.8483619275909526,20,1000,20400,none,0,,25
series4_boundaries,baseline_20,25,series4_boundaries__baseline_20__rep25,exp_source,mean,cusum,,32,20,32,True,99.95242273321587,0.8483619275909526,20,1000,20400,none,0,,25
series4_boundaries,baseline_20,25,series4_boundaries__baseline_20__rep25,exp_source,mean,ewma,,25,25,25,True,99.95242273321587,0.8483619275909526,20,1000,20400,none,0,,25
series4_boundaries,baseline_20,26,series4_boundaries__baseline_20__rep26,exp_source,mean,shewhart,,339.0,2,339.0,True,99.98951382734492,1.057158421419265,20,1000,20400,none,0,,26
series4_boundaries,baseline_20,26,series4_boundaries__baseline_20__rep26,exp_source,mean,cusum,,558.0,2,558.0,True,99.98951382734492,1.057158421419265,20,1000,20400,none,0,,26
series4_boundaries,baseline_20,26,series4_boundaries__baseline_20__rep26,exp_source,mean,ewma,,,0,,False,99.98951382734492,1.057158421419265,20,1000,20400,none,0,,26
series4_boundaries,baseline_20,27,series4_boundaries__baseline_20__rep27,exp_source,mean,shewhart,,11,39,11,True,100.04550657453326,0.7983601575132806,20,1000,20400,none,0,,27
series4_boundaries,baseline_20,27,series4_boundaries__baseline_20__rep27,exp_source,mean,cusum,,24,21,24,True,100.04550657453326,0.7983601575132806,20,1000,20400,none,0,,27
series4_boundaries,baseline_20,27,series4_boundaries__baseline_20__rep27,exp_source,mean,ewma,,25,33,25,True,100.04550657453326,0.7983601575132806,20,1000,20400,none,0,,27
series4_boundaries,baseline_20,28,series4_boundaries__baseline_20__rep28,exp_source,mean,shewhart,,4,54,4,True,99.79598406223617,0.7402523736491581,20,1000,20400,none,0,,28
series4_boundaries,baseline_20,28,series4_boundaries__baseline_20__rep28,exp_source,mean,cusum,,30,59,30,True,99.79598406223617,0.7402523736491581,20,1000,20400,none,0,,28
series4_boundaries,baseline_20,28,series4_boundaries__baseline_20__rep28,exp_source,mean,ewma,,30,94,30,True,99.79598406223617,0.7402523736491581,20,1000,20400,none,0,,28
series4_boundaries,baseline_20,29,series4_boundaries__baseline_20__rep29,exp_source,mean,shewhart,,,0,,False,99.88549928768886,1.1119571677390006,20,1000,20400,none,0,,29
series4_boundaries,baseline_20,29,series4_boundaries__baseline_20__rep29,exp_source,mean,cusum,,284.0,2,284.0,True,99.88549928768886,1.1119571677390006,20,1000,20400,none,0,,29
series4_boundaries,baseline_20,29,series4_boundaries__baseline_20__rep29,exp_source,mean,ewma,,821.0,1,821.0,True,99.88549928768886,1.1119571677390006,20,1000,20400,none,0,,29
series4_boundaries,baseline_20,30,series4_boundaries__baseline_20__rep30,exp_source,mean,shewhart,,583,1,583,True,99.70113215870273,1.2495057021666438,20,1000,20400,none,0,,30
series4_boundaries,baseline_20,30,series4_boundaries__baseline_20__rep30,exp_source,mean,cusum,,52,5,52,True,99.70113215870273,1.2495057021666438,20,1000,20400,none,0,,30
series4_boundaries,baseline_20,30,series4_boundaries__baseline_20__rep30,exp_source,mean,ewma,,52,7,52,True,99.70113215870273,1.2495057021666438,20,1000,20400,none,0,,30
series4_boundaries,baseline_20,31,series4_boundaries__baseline_20__rep31,exp_source,mean,shewhart,,37,11,37,True,99.59107380919129,1.0067907555126434,20,1000,20400,none,0,,31
series4_boundaries,baseline_20,31,series4_boundaries__baseline_20__rep31,exp_source,mean,cusum,,10,38,10,True,99.59107380919129,1.0067907555126434,20,1000,20400,none,0,,31
series4_boundaries,baseline_20,31,series4_boundaries__baseline_20__rep31,exp_source,mean,ewma,,6,82,6,True,99.59107380919129,1.0067907555126434,20,1000,20400,none,0,,31
series4_boundaries,baseline_20,32,series4_boundaries__baseline_20__rep32,exp_source,mean,shewhart,,,0,,False,100.0859590549631,1.2201911719388083,20,1000,20400,none,0,,32
series4_boundaries,baseline_20,32,series4_boundaries__baseline_20__rep32,exp_source,mean,cusum,,,0,,False,100.0859590549631,1.2201911719388083,20,1000,20400,none,0,,32
series4_boundaries,baseline_20,32,series4_boundaries__baseline_20__rep32,exp_source,mean,ewma,,,0,,False,100.0859590549631,1.2201911719388083,20,1000,20400,none,0,,32
series4_boundaries,baseline_20,33,series4_boundaries__baseline_20__rep33,exp_source,mean,shewhart,,,0,,False,100.11531982730543,1.6725129931781813,20,1000,20400,none,0,,33
series4_boundaries,baseline_20,33,series4_boundaries__baseline_20__rep33,exp_source,mean,cusum,,,0,,False,100.11531982730543,1.6725129931781813,20,1000,20400,none,0,,33
series4_boundaries,baseline_20,33,series4_boundaries__baseline_20__rep33,exp_source,mean,ewma,,,0,,False,100.11531982730543,1.6725129931781813,20,1000,20400,none,0,,33
series4_boundaries,baseline_20,34,series4_boundaries__baseline_20__rep34,exp_source,mean,shewhart,,836,2,836,True,99.87887726249002,1.187521617805229,20,1000,20400,none,0,,34
series4_boundaries,baseline_20,34,series4_boundaries__baseline_20__rep34,exp_source,mean,cusum,,65,5,65,True,99.87887726249002,1.187521617805229,20,1000,20400,none,0,,34
series4_boundaries,baseline_20,34,series4_boundaries__baseline_20__rep34,exp_source,mean,ewma,,66,6,66,True,99.87887726249002,1.187521617805229,20,1000,20400,none,0,,34
series4_boundaries,baseline_20,35,series4_boundaries__baseline_20__rep35,exp_source,mean,shewhart,,836.0,1,836.0,True,99.93089904740161,1.2763756414196281,20,1000,20400,none,0,,35
series4_boundaries,baseline_20,35,series4_boundaries__baseline_20__rep35,exp_source,mean,cusum,,,0,,False,99.93089904740161,1.2763756414196281,20,1000,20400,none,0,,35
series4_boundaries,baseline_20,35,series4_boundaries__baseline_20__rep35,exp_source,mean,ewma,,,0,,False,99.93089904740161,1.2763756414196281,20,1000,20400,none,0,,35
series4_boundaries,baseline_20,36,series4_boundaries__baseline_20__rep36,exp_source,mean,shewhart,,191,11,191,True,99.91895860175316,0.9589238318419654,20,1000,20400,none,0,,36
series4_boundaries,baseline_20,36,series4_boundaries__baseline_20__rep36,exp_source,mean,cusum,,66,13,66,True,99.91895860175316,0.9589238318419654,20,1000,20400,none,0,,36
series4_boundaries,baseline_20,36,series4_boundaries__baseline_20__rep36,exp_source,mean,ewma,,42,14,42,True,99.91895860175316,0.9589238318419654,20,1000,20400,none,0,,36
series4_boundaries,baseline_20,37,series4_boundaries__baseline_20__rep37,exp_source,mean,shewhart,,,0,,False,99.99081375841192,1.3028053473650294,20,1000,20400,none,0,,37
series4_boundaries,baseline_20,37,series4_boundaries__baseline_20__rep37,exp_source,mean,cusum,,455.0,2,455.0,True,99.99081375841192,1.3028053473650294,20,1000,20400,none,0,,37
series4_boundaries,baseline_20,37,series4_boundaries__baseline_20__rep37,exp_source,mean,ewma,,455.0,1,455.0,True,99.99081375841192,1.3028053473650294,20,1000,20400,none,0,,37
series4_boundaries,baseline_20,38,series4_boundaries__baseline_20__rep38,exp_source,mean,shewhart,,,0,,False,100.42004722121436,1.4798555146804786,20,1000,20400,none,0,,38
series4_boundaries,baseline_20,38,series4_boundaries__baseline_20__rep38,exp_source,mean,cusum,,303.0,2,303.0,True,100.42004722121436,1.4798555146804786,20,1000,20400,none,0,,38
series4_boundaries,baseline_20,38,series4_boundaries__baseline_20__rep38,exp_source,mean,ewma,,303.0,1,303.0,True,100.42004722121436,1.4798555146804786,20,1000,20400,none,0,,38
series4_boundaries,baseline_20,39,series4_boundaries__baseline_20__rep39,exp_source,mean,shewhart,,84,17,84,True,99.89994192040723,0.893837869844198,20,1000,20400,none,0,,39
series4_boundaries,baseline_20,39,series4_boundaries__baseline_20__rep39,exp_source,mean,cusum,,90,10,90,True,99.89994192040723,0.893837869844198,20,1000,20400,none,0,,39
series4_boundaries,baseline_20,39,series4_boundaries__baseline_20__rep39,exp_source,mean,ewma,,90,12,90,True,99.89994192040723,0.893837869844198,20,1000,20400,none,0,,39
series4_boundaries,baseline_20,40,series4_boundaries__baseline_20__rep40,exp_source,mean,shewhart,,469,1,469,True,99.90440763878104,1.2636808039908802,20,1000,20400,none,0,,40
series4_boundaries,baseline_20,40,series4_boundaries__baseline_20__rep40,exp_source,mean,cusum,,51,1,51,True,99.90440763878104,1.2636808039908802,20,1000,20400,none,0,,40
series4_boundaries,baseline_20,40,series4_boundaries__baseline_20__rep40,exp_source,mean,ewma,,51,1,51,True,99.90440763878104,1.2636808039908802,20,1000,20400,none,0,,40
series4_boundaries,baseline_20,41,series4_boundaries__baseline_20__rep41,exp_source,mean,shewhart,,597,1,597,True,99.95474029719354,1.1894516692774286,20,1000,20400,none,0,,41
series4_boundaries,baseline_20,41,series4_boundaries__baseline_20__rep41,exp_source,mean,cusum,,219,2,219,True,99.95474029719354,1.1894516692774286,20,1000,20400,none,0,,41
series4_boundaries,baseline_20,41,series4_boundaries__baseline_20__rep41,exp_source,mean,ewma,,219,2,219,True,99.95474029719354,1.1894516692774286,20,1000,20400,none,0,,41
series4_boundaries,baseline_20,42,series4_boundaries__baseline_20__rep42,exp_source,mean,shewhart,,321,3,321,True,100.112743054317,1.1105988211893556,20,1000,20400,none,0,,42
series4_boundaries,baseline_20,42,series4_boundaries__baseline_20__rep42,exp_source,mean,cusum,,174,2,174,True,100.112743054317,1.1105988211893556,20,1000,20400,none,0,,42
series4_boundaries,baseline_20,42,series4_boundaries__baseline_20__rep42,exp_source,mean,ewma,,274,3,274,True,100.112743054317,1.1105988211893556,20,1000,20400,none,0,,42
series4_boundaries,baseline_20,43,series4_boundaries__baseline_20__rep43,exp_source,mean,shewhart,,31,5,31,True,99.95073565918685,1.0532638052753984,20,1000,20400,none,0,,43
series4_boundaries,baseline_20,43,series4_boundaries__baseline_20__rep43,exp_source,mean,cusum,,463,2,463,True,99.95073565918685,1.0532638052753984,20,1000,20400,none,0,,43
series4_boundaries,baseline_20,43,series4_boundaries__baseline_20__rep43,exp_source,mean,ewma,,258,5,258,True,99.95073565918685,1.0532638052753984,20,1000,20400,none,0,,43
series4_boundaries,baseline_20,44,series4_boundaries__baseline_20__rep44,exp_source,mean,shewhart,,377,2,377,True,100.0869700414548,1.0896296091180746,20,1000,20400,none,0,,44
series4_boundaries,baseline_20,44,series4_boundaries__baseline_20__rep44,exp_source,mean,cusum,,307,2,307,True,100.0869700414548,1.0896296091180746,20,1000,20400,none,0,,44
series4_boundaries,baseline_20,44,series4_boundaries__baseline_20__rep44,exp_source,mean,ewma,,638,1,638,True,100.0869700414548,1.0896296091180746,20,1000,20400,none,0,,44
series4_boundaries,baseline_20,45,series4_boundaries__baseline_20__rep45,exp_source,mean,shewhart,,,0,,False,99.96447846198102,1.529701173411266,20,1000,20400,none,0,,45
series4_boundaries,baseline_20,45,series4_boundaries__baseline_20__rep45,exp_source,mean,cusum,,,0,,False,99.96447846198102,1.529701173411266,20,1000,20400,none,0,,45
series4_boundaries,baseline_20,45,series4_boundaries__baseline_20__rep45,exp_source,mean,ewma,,,0,,False,99.96447846198102,1.529701173411266,20,1000,20400,none,0,,45
series4_boundaries,baseline_20,46,series4_boundaries__baseline_20__rep46,exp_source,mean,shewhart,,41,2,41,True,100.03112793551269,1.085784944814854,20,1000,20400,none,0,,46
series4_boundaries,baseline_20,46,series4_boundaries__baseline_20__rep46,exp_source,mean,cusum,,630,4,630,True,100.03112793551269,1.085784944814854,20,1000,20400,none,0,,46
series4_boundaries,baseline_20,46,series4_boundaries__baseline_20__rep46,exp_source,mean,ewma,,125,5,125,True,100.03112793551269,1.085784944814854,20,1000,20400,none,0,,46
series4_boundaries,baseline_20,47,series4_boundaries__baseline_20__rep47,exp_source,mean,shewhart,,12,5,12,True,100.23161639857003,1.0655857286320993,20,1000,20400,none,0,,47
series4_boundaries,baseline_20,47,series4_boundaries__baseline_20__rep47,exp_source,mean,cusum,,105,14,105,True,100.23161639857003,1.0655857286320993,20,1000,20400,none,0,,47
series4_boundaries,baseline_20,47,series4_boundaries__baseline_20__rep47,exp_source,mean,ewma,,141,17,141,True,100.23161639857003,1.0655857286320993,20,1000,20400,none,0,,47
series4_boundaries,baseline_20,48,series4_boundaries__baseline_20__rep48,exp_source,mean,shewhart,,22,9,22,True,100.03809275707175,0.9696366042666377,20,1000,20400,none,0,,48
series4_boundaries,baseline_20,48,series4_boundaries__baseline_20__rep48,exp_source,mean,cusum,,26,13,26,True,100.03809275707175,0.9696366042666377,20,1000,20400,none,0,,48
series4_boundaries,baseline_20,48,series4_boundaries__baseline_20__rep48,exp_source,mean,ewma,,483,18,483,True,100.03809275707175,0.9696366042666377,20,1000,20400,none,0,,48
series4_boundaries,baseline_20,49,series4_boundaries__baseline_20__rep49,exp_source,mean,shewhart,,57,8,57,True,100.03862694571156,0.9874149979371911,20,1000,20400,none,0,,49
series4_boundaries,baseline_20,49,series4_boundaries__baseline_20__rep49,exp_source,mean,cusum,,307,5,307,True,100.03862694571156,0.9874149979371911,20,1000,20400,none,0,,49
series4_boundaries,baseline_20,49,series4_boundaries__baseline_20__rep49,exp_source,mean,ewma,,57,3,57,True,100.03862694571156,0.9874149979371911,20,1000,20400,none,0,,49
series4_boundaries,baseline_20,50,series4_boundaries__baseline_20__rep50,exp_source,mean,shewhart,,144,3,144,True,99.76190875045597,1.189879267073999,20,1000,20400,none,0,,50
series4_boundaries,baseline_20,50,series4_boundaries__baseline_20__rep50,exp_source,mean,cusum,,629,2,629,True,99.76190875045597,1.189879267073999,20,1000,20400,none,0,,50
series4_boundaries,baseline_20,50,series4_boundaries__baseline_20__rep50,exp_source,mean,ewma,,344,2,344,True,99.76190875045597,1.189879267073999,20,1000,20400,none,0,,50
series4_boundaries,baseline_50,1,series4_boundaries__baseline_50__rep01,exp_source,mean,shewhart,,806,1,806,True,100.15509200749749,1.1599209503379697,50,1000,21000,none,0,,10001
series4_boundaries,baseline_50,1,series4_boundaries__baseline_50__rep01,exp_source,mean,cusum,,439,4,439,True,100.15509200749749,1.1599209503379697,50,1000,21000,none,0,,10001
series4_boundaries,baseline_50,1,series4_boundaries__baseline_50__rep01,exp_source,mean,ewma,,439,9,439,True,100.15509200749749,1.1599209503379697,50,1000,21000,none,0,,10001
series4_boundaries,baseline_50,2,series4_boundaries__baseline_50__rep02,exp_source,mean,shewhart,,302.0,2,302.0,True,99.99769835082357,1.1920358194734793,50,1000,21000,none,0,,10002
series4_boundaries,baseline_50,2,series4_boundaries__baseline_50__rep02,exp_source,mean,cusum,,,0,,False,99.99769835082357,1.1920358194734793,50,1000,21000,none,0,,10002
series4_boundaries,baseline_50,2,series4_boundaries__baseline_50__rep02,exp_source,mean,ewma,,170.0,1,170.0,True,99.99769835082357,1.1920358194734793,50,1000,21000,none,0,,10002
series4_boundaries,baseline_50,3,series4_boundaries__baseline_50__rep03,exp_source,mean,shewhart,,13,6,13,True,100.11540652577678,1.0722496843070506,50,1000,21000,none,0,,10003
series4_boundaries,baseline_50,3,series4_boundaries__baseline_50__rep03,exp_source,mean,cusum,,333,7,333,True,100.11540652577678,1.0722496843070506,50,1000,21000,none,0,,10003
series4_boundaries,baseline_50,3,series4_boundaries__baseline_50__rep03,exp_source,mean,ewma,,340,10,340,True,100.11540652577678,1.0722496843070506,50,1000,21000,none,0,,10003
series4_boundaries,baseline_50,4,series4_boundaries__baseline_50__rep04,exp_source,mean,shewhart,,548,2,548,True,99.81561223761028,1.0583501793787735,50,1000,21000,none,0,,10004
series4_boundaries,baseline_50,4,series4_boundaries__baseline_50__rep04,exp_source,mean,cusum,,149,3,149,True,99.81561223761028,1.0583501793787735,50,1000,21000,none,0,,10004
series4_boundaries,baseline_50,4,series4_boundaries__baseline_50__rep04,exp_source,mean,ewma,,26,10,26,True,99.81561223761028,1.0583501793787735,50,1000,21000,none,0,,10004
series4_boundaries,baseline_50,5,series4_boundaries__baseline_50__rep05,exp_source,mean,shewhart,,8,6,8,True,99.78691429254299,1.1062361861515766,50,1000,21000,none,0,,10005
series4_boundaries,baseline_50,5,series4_boundaries__baseline_50__rep05,exp_source,mean,cusum,,112,2,112,True,99.78691429254299,1.1062361861515766,50,1000,21000,none,0,,10005
series4_boundaries,baseline_50,5,series4_boundaries__baseline_50__rep05,exp_source,mean,ewma,,112,4,112,True,99.78691429254299,1.1062361861515766,50,1000,21000,none,0,,10005
series4_boundaries,baseline_50,6,series4_boundaries__baseline_50__rep06,exp_source,mean,shewhart,,43,2,43,True,100.04878185689454,1.0348953764256574,50,1000,21000,none,0,,10006
series4_boundaries,baseline_50,6,series4_boundaries__baseline_50__rep06,exp_source,mean,cusum,,84,3,84,True,100.04878185689454,1.0348953764256574,50,1000,21000,none,0,,10006
series4_boundaries,baseline_50,6,series4_boundaries__baseline_50__rep06,exp_source,mean,ewma,,134,2,134,True,100.04878185689454,1.0348953764256574,50,1000,21000,none,0,,10006
series4_boundaries,baseline_50,7,series4_boundaries__baseline_50__rep07,exp_source,mean,shewhart,,432,3,432,True,99.8691609934917,1.0488187467034569,50,1000,21000,none,0,,10007
series4_boundaries,baseline_50,7,series4_boundaries__baseline_50__rep07,exp_source,mean,cusum,,164,10,164,True,99.8691609934917,1.0488187467034569,50,1000,21000,none,0,,10007
series4_boundaries,baseline_50,7,series4_boundaries__baseline_50__rep07,exp_source,mean,ewma,,105,13,105,True,99.8691609934917,1.0488187467034569,50,1000,21000,none,0,,10007
series4_boundaries,baseline_50,8,series4_boundaries__baseline_50__rep08,exp_source,mean,shewhart,,11,4,11,True,100.08328116873226,1.0405224220253126,50,1000,21000,none,0,,10008
series4_boundaries,baseline_50,8,series4_boundaries__baseline_50__rep08,exp_source,mean,cusum,,76,3,76,True,100.08328116873226,1.0405224220253126,50,1000,21000,none,0,,10008
series4_boundaries,baseline_50,8,series4_boundaries__baseline_50__rep08,exp_source,mean,ewma,,76,8,76,True,100.08328116873226,1.0405224220253126,50,1000,21000,none,0,,10008
series4_boundaries,baseline_50,9,series4_boundaries__baseline_50__rep09,exp_source,mean,shewhart,,222,8,222,True,99.88913417253838,1.0750473382567864,50,1000,21000,none,0,,10009
series4_boundaries,baseline_50,9,series4_boundaries__baseline_50__rep09,exp_source,mean,cusum,,380,4,380,True,99.88913417253838,1.0750473382567864,50,1000,21000,none,0,,10009
series4_boundaries,baseline_50,9,series4_boundaries__baseline_50__rep09,exp_source,mean,ewma,,837,1,837,True,99.88913417253838,1.0750473382567864,50,1000,21000,none,0,,10009
series4_boundaries,baseline_50,10,series4_boundaries__baseline_50__rep10,exp_source,mean,shewhart,,,0,,False,99.99511294607152,1.1134406943371862,50,1000,21000,none,0,,10010
series4_boundaries,baseline_50,10,series4_boundaries__baseline_50__rep10,exp_source,mean,cusum,,305.0,1,305.0,True,99.99511294607152,1.1134406943371862,50,1000,21000,none,0,,10010
series4_boundaries,baseline_50,10,series4_boundaries__baseline_50__rep10,exp_source,mean,ewma,,9.0,2,9.0,True,99.99511294607152,1.1134406943371862,50,1000,21000,none,0,,10010
series4_boundaries,baseline_50,11,series4_boundaries__baseline_50__rep11,exp_source,mean,shewhart,,289,2,289,True,99.83807966079615,1.1699524639830172,50,1000,21000,none,0,,10011
series4_boundaries,baseline_50,11,series4_boundaries__baseline_50__rep11,exp_source,mean,cusum,,272,4,272,True,99.83807966079615,1.1699524639830172,50,1000,21000,none,0,,10011
series4_boundaries,baseline_50,11,series4_boundaries__baseline_50__rep11,exp_source,mean,ewma,,272,6,272,True,99.83807966079615,1.1699524639830172,50,1000,21000,none,0,,10011
series4_boundaries,baseline_50,12,series4_boundaries__baseline_50__rep12,exp_source,mean,shewhart,,,0,,False,99.8934148511551,1.2029400512546726,50,1000,21000,none,0,,10012
series4_boundaries,baseline_50,12,series4_boundaries__baseline_50__rep12,exp_source,mean,cusum,,,0,,False,99.8934148511551,1.2029400512546726,50,1000,21000,none,0,,10012
series4_boundaries,baseline_50,12,series4_boundaries__baseline_50__rep12,exp_source,mean,ewma,,,0,,False,99.8934148511551,1.2029400512546726,50,1000,21000,none,0,,10012
series4_boundaries,baseline_50,13,series4_boundaries__baseline_50__rep13,exp_source,mean,shewhart,,20,15,20,True,99.93939174872986,0.8938922217476438,50,1000,21000,none,0,,10013
series4_boundaries,baseline_50,13,series4_boundaries__baseline_50__rep13,exp_source,mean,cusum,,146,13,146,True,99.93939174872986,0.8938922217476438,50,1000,21000,none,0,,10013
series4_boundaries,baseline_50,13,series4_boundaries__baseline_50__rep13,exp_source,mean,ewma,,146,18,146,True,99.93939174872986,0.8938922217476438,50,1000,21000,none,0,,10013
series4_boundaries,baseline_50,14,series4_boundaries__baseline_50__rep14,exp_source,mean,shewhart,,,0,,False,100.11835052269005,1.2558283438105704,50,1000,21000,none,0,,10014
series4_boundaries,baseline_50,14,series4_boundaries__baseline_50__rep14,exp_source,mean,cusum,,,0,,False,100.11835052269005,1.2558283438105704,50,1000,21000,none,0,,10014
series4_boundaries,baseline_50,14,series4_boundaries__baseline_50__rep14,exp_source,mean,ewma,,,0,,False,100.11835052269005,1.2558283438105704,50,1000,21000,none,0,,10014
series4_boundaries,baseline_50,15,series4_boundaries__baseline_50__rep15,exp_source,mean,shewhart,,203,6,203,True,100.22231961860241,1.070980446468038,50,1000,21000,none,0,,10015
series4_boundaries,baseline_50,15,series4_boundaries__baseline_50__rep15,exp_source,mean,cusum,,266,6,266,True,100.22231961860241,1.070980446468038,50,1000,21000,none,0,,10015
series4_boundaries,baseline_50,15,series4_boundaries__baseline_50__rep15,exp_source,mean,ewma,,267,4,267,True,100.22231961860241,1.070980446468038,50,1000,21000,none,0,,10015
series4_boundaries,baseline_50,16,series4_boundaries__baseline_50__rep16,exp_source,mean,shewhart,,54,4,54,True,100.17501041375074,1.1065581883332514,50,1000,21000,none,0,,10016
series4_boundaries,baseline_50,16,series4_boundaries__baseline_50__rep16,exp_source,mean,cusum,,66,5,66,True,100.17501041375074,1.1065581883332514,50,1000,21000,none,0,,10016
series4_boundaries,baseline_50,16,series4_boundaries__baseline_50__rep16,exp_source,mean,ewma,,127,1,127,True,100.17501041375074,1.1065581883332514,50,1000,21000,none,0,,10016
series4_boundaries,baseline_50,17,series4_boundaries__baseline_50__rep17,exp_source,mean,shewhart,,10,1,10,True,99.7588493831008,1.2765457192005436,50,1000,21000,none,0,,10017
series4_boundaries,baseline_50,17,series4_boundaries__baseline_50__rep17,exp_source,mean,cusum,,10,2,10,True,99.7588493831008,1.2765457192005436,50,1000,21000,none,0,,10017
series4_boundaries,baseline_50,17,series4_boundaries__baseline_50__rep17,exp_source,mean,ewma,,10,5,10,True,99.7588493831008,1.2765457192005436,50,1000,21000,none,0,,10017
series4_boundaries,baseline_50,18,series4_boundaries__baseline_50__rep18,exp_source,mean,shewhart,,,0,,False,100.15394057780493,1.3412413968493593,50,1000,21000,none,0,,10018
series4_boundaries,baseline_50,18,series4_boundaries__baseline_50__rep18,exp_source,mean,cusum,,,0,,False,100.15394057780493,1.3412413968493593,50,1000,21000,none,0,,10018
series4_boundaries,baseline_50,18,series4_boundaries__baseline_50__rep18,exp_source,mean,ewma,,,0,,False,100.15394057780493,1.3412413968493593,50,1000,21000,none,0,,10018
series4_boundaries,baseline_50,19,series4_boundaries__baseline_50__rep19,exp_source,mean,shewhart,,,0,,False,99.88194755055765,1.2049202351853256,50,1000,21000,none,0,,10019
series4_boundaries,baseline_50,19,series4_boundaries__baseline_50__rep19,exp_source,mean,cusum,,717.0,1,717.0,True,99.88194755055765,1.2049202351853256,50,1000,21000,none,0,,10019
series4_boundaries,baseline_50,19,series4_boundaries__baseline_50__rep19,exp_source,mean,ewma,,716.0,2,716.0,True,99.88194755055765,1.2049202351853256,50,1000,21000,none,0,,10019
series4_boundaries,baseline_50,20,series4_boundaries__baseline_50__rep20,exp_source,mean,shewhart,,659,2,659,True,99.98161997289017,1.0909756491974496,50,1000,21000,none,0,,10020
series4_boundaries,baseline_50,20,series4_boundaries__baseline_50__rep20,exp_source,mean,cusum,,302,3,302,True,99.98161997289017,1.0909756491974496,50,1000,21000,none,0,,10020
series4_boundaries,baseline_50,20,series4_boundaries__baseline_50__rep20,exp_source,mean,ewma,,302,3,302,True,99.98161997289017,1.0909756491974496,50,1000,21000,none,0,,10020
series4_boundaries,baseline_50,21,series4_boundaries__baseline_50__rep21,exp_source,mean,shewhart,,111,12,111,True,100.1503805810692,0.8945437573910735,50,1000,21000,none,0,,10021
series4_boundaries,baseline_50,21,series4_boundaries__baseline_50__rep21,exp_source,mean,cusum,,143,18,143,True,100.1503805810692,0.8945437573910735,50,1000,21000,none,0,,10021
series4_boundaries,baseline_50,21,series4_boundaries__baseline_50__rep21,exp_source,mean,ewma,,167,25,167,True,100.1503805810692,0.8945437573910735,50,1000,21000,none,0,,10021
series4_boundaries,baseline_50,22,series4_boundaries__baseline_50__rep22,exp_source,mean,shewhart,,,0,,False,99.8191487819793,1.1167865672250592,50,1000,21000,none,0,,10022
series4_boundaries,baseline_50,22,series4_boundaries__baseline_50__rep22,exp_source,mean,cusum,,204.0,2,204.0,True,99.8191487819793,1.1167865672250592,50,1000,21000,none,0,,10022
series4_boundaries,baseline_50,22,series4_boundaries__baseline_50__rep22,exp_source,mean,ewma,,205.0,4,205.0,True,99.8191487819793,1.1167865672250592,50,1000,21000,none,0,,10022
series4_boundaries,baseline_50,23,series4_boundaries__baseline_50__rep23,exp_source,mean,shewhart,,245,3,245,True,99.86517845117362,1.026068686175149,50,1000,21000,none,0,,10023
series4_boundaries,baseline_50,23,series4_boundaries__baseline_50__rep23,exp_source,mean,cusum,,24,8,24,True,99.86517845117362,1.026068686175149,50,1000,21000,none,0,,10023
series4_boundaries,baseline_50,23,series4_boundaries__baseline_50__rep23,exp_source,mean,ewma,,60,5,60,True,99.86517845117362,1.026068686175149,50,1000,21000,none,0,,10023
series4_boundaries,baseline_50,24,series4_boundaries__baseline_50__rep24,exp_source,mean,shewhart,,184,5,184,True,99.9976582311733,1.0716508017132156,50,1000,21000,none,0,,10024
series4_boundaries,baseline_50,24,series4_boundaries__baseline_50__rep24,exp_source,mean,cusum,,244,5,244,True,99.9976582311733,1.0716508017132156,50,1000,21000,none,0,,10024
series4_boundaries,baseline_50,24,series4_boundaries__baseline_50__rep24,exp_source,mean,ewma,,445,7,445,True,99.9976582311733,1.0716508017132156,50,1000,21000,none,0,,10024
series4_boundaries,baseline_50,25,series4_boundaries__baseline_50__rep25,exp_source,mean,shewhart,,143.0,5,143.0,True,100.08740072314426,1.0639416936626211,50,1000,21000,none,0,,10025
series4_boundaries,baseline_50,25,series4_boundaries__baseline_50__rep25,exp_source,mean,cusum,,595.0,2,595.0,True,100.08740072314426,1.0639416936626211,50,1000,21000,none,0,,10025
series4_boundaries,baseline_50,25,series4_boundaries__baseline_50__rep25,exp_source,mean,ewma,,,0,,False,100.08740072314426,1.0639416936626211,50,1000,21000,none,0,,10025
series4_boundaries,baseline_50,26,series4_boundaries__baseline_50__rep26,exp_source,mean,shewhart,,516.0,3,516.0,True,99.87352857217307,1.1853390647602524,50,1000,21000,none,0,,10026
series4_boundaries,baseline_50,26,series4_boundaries__baseline_50__rep26,exp_source,mean,cusum,,502.0,1,502.0,True,99.87352857217307,1.1853390647602524,50,1000,21000,none,0,,10026
series4_boundaries,baseline_50,26,series4_boundaries__baseline_50__rep26,exp_source,mean,ewma,,,0,,False,99.87352857217307,1.1853390647602524,50,1000,21000,none,0,,10026
series4_boundaries,baseline_50,27,series4_boundaries__baseline_50__rep27,exp_source,mean,shewhart,,29,7,29,True,99.87573178052176,0.9851641192439007,50,1000,21000,none,0,,10027
series4_boundaries,baseline_50,27,series4_boundaries__baseline_50__rep27,exp_source,mean,cusum,,30,6,30,True,99.87573178052176,0.9851641192439007,50,1000,21000,none,0,,10027
series4_boundaries,baseline_50,27,series4_boundaries__baseline_50__rep27,exp_source,mean,ewma,,55,7,55,True,99.87573178052176,0.9851641192439007,50,1000,21000,none,0,,10027
series4_boundaries,baseline_50,28,series4_boundaries__baseline_50__rep28,exp_source,mean,shewhart,,279,3,279,True,100.17876480182846,1.187621611530854,50,1000,21000,none,0,,10028
series4_boundaries,baseline_50,28,series4_boundaries__baseline_50__rep28,exp_source,mean,cusum,,390,2,390,True,100.17876480182846,1.187621611530854,50,1000,21000,none,0,,10028
series4_boundaries,baseline_50,28,series4_boundaries__baseline_50__rep28,exp_source,mean,ewma,,96,2,96,True,100.17876480182846,1.187621611530854,50,1000,21000,none,0,,10028
series4_boundaries,baseline_50,29,series4_boundaries__baseline_50__rep29,exp_source,mean,shewhart,,441.0,2,441.0,True,99.98024653227563,1.095661561313464,50,1000,21000,none,0,,10029
series4_boundaries,baseline_50,29,series4_boundaries__baseline_50__rep29,exp_source,mean,cusum,,,0,,False,99.98024653227563,1.095661561313464,50,1000,21000,none,0,,10029
series4_boundaries,baseline_50,29,series4_boundaries__baseline_50__rep29,exp_source,mean,ewma,,537.0,1,537.0,True,99.98024653227563,1.095661561313464,50,1000,21000,none,0,,10029
series4_boundaries,baseline_50,30,series4_boundaries__baseline_50__rep30,exp_source,mean,shewhart,,57,14,57,True,99.77591924281771,0.9975594209161815,50,1000,21000,none,0,,10030
series4_boundaries,baseline_50,30,series4_boundaries__baseline_50__rep30,exp_source,mean,cusum,,160,14,160,True,99.77591924281771,0.9975594209161815,50,1000,21000,none,0,,10030
series4_boundaries,baseline_50,30,series4_boundaries__baseline_50__rep30,exp_source,mean,ewma,,160,16,160,True,99.77591924281771,0.9975594209161815,50,1000,21000,none,0,,10030
series4_boundaries,baseline_50,31,series4_boundaries__baseline_50__rep31,exp_source,mean,shewhart,,627,2,627,True,99.94061549438266,1.097238125014783,50,1000,21000,none,0,,10031
series4_boundaries,baseline_50,31,series4_boundaries__baseline_50__rep31,exp_source,mean,cusum,,447,4,447,True,99.94061549438266,1.097238125014783,50,1000,21000,none,0,,10031
series4_boundaries,baseline_50,31,series4_boundaries__baseline_50__rep31,exp_source,mean,ewma,,449,6,449,True,99.94061549438266,1.097238125014783,50,1000,21000,none,0,,10031
series4_boundaries,baseline_50,32,series4_boundaries__baseline_50__rep32,exp_source,mean,shewhart,,348,7,348,True,99.81613557248433,1.0844273457080853,50,1000,21000,none,0,,10032
series4_boundaries,baseline_50,32,series4_boundaries__baseline_50__rep32,exp_source,mean,cusum,,59,7,59,True,99.81613557248433,1.0844273457080853,50,1000,21000,none,0,,10032
series4_boundaries,baseline_50,32,series4_boundaries__baseline_50__rep32,exp_source,mean,ewma,,350,9,350,True,99.81613557248433,1.0844273457080853,50,1000,21000,none,0,,10032
series4_boundaries,baseline_50,33,series4_boundaries__baseline_50__rep33,exp_source,mean,shewhart,,177,5,177,True,99.91636718888952,1.0608899776001268,50,1000,21000,none,0,,10033
series4_boundaries,baseline_50,33,series4_boundaries__baseline_50__rep33,exp_source,mean,cusum,,157,9,157,True,99.91636718888952,1.0608899776001268,50,1000,21000,none,0,,10033
series4_boundaries,baseline_50,33,series4_boundaries__baseline_50__rep33,exp_source,mean,ewma,,105,9,105,True,99.91636718888952,1.0608899776001268,50,1000,21000,none,0,,10033
series4_boundaries,baseline_50,34,series4_boundaries__baseline_50__rep34,exp_source,mean,shewhart,,124,8,124,True,99.90958773589072,1.071691407797583,50,1000,21000,none,0,,10034
series4_boundaries,baseline_50,34,series4_boundaries__baseline_50__rep34,exp_source,mean,cusum,,54,4,54,True,99.90958773589072,1.071691407797583,50,1000,21000,none,0,,10034
series4_boundaries,baseline_50,34,series4_boundaries__baseline_50__rep34,exp_source,mean,ewma,,54,7,54,True,99.90958773589072,1.071691407797583,50,1000,21000,none,0,,10034
series4_boundaries,baseline_50,35,series4_boundaries__baseline_50__rep35,exp_source,mean,shewhart,,13,6,13,True,100.09005197229547,0.976703721323288,50,1000,21000,none,0,,10035
series4_boundaries,baseline_50,35,series4_boundaries__baseline_50__rep35,exp_source,mean,cusum,,47,8,47,True,100.09005197229547,0.976703721323288,50,1000,21000,none,0,,10035
series4_boundaries,baseline_50,35,series4_boundaries__baseline_50__rep35,exp_source,mean,ewma,,179,9,179,True,100.09005197229547,0.976703721323288,50,1000,21000,none,0,,10035
series4_boundaries,baseline_50,36,series4_boundaries__baseline_50__rep36,exp_source,mean,shewhart,,224,5,224,True,99.99911231701984,1.098155982243964,50,1000,21000,none,0,,10036
series4_boundaries,baseline_50,36,series4_boundaries__baseline_50__rep36,exp_source,mean,cusum,,21,3,21,True,99.99911231701984,1.098155982243964,50,1000,21000,none,0,,10036
series4_boundaries,baseline_50,36,series4_boundaries__baseline_50__rep36,exp_source,mean,ewma,,21,4,21,True,99.99911231701984,1.098155982243964,50,1000,21000,none,0,,10036
series4_boundaries,baseline_50,37,series4_boundaries__baseline_50__rep37,exp_source,mean,shewhart,,,0,,False,100.12614624012826,1.3656746672158357,50,1000,21000,none,0,,10037
series4_boundaries,baseline_50,37,series4_boundaries__baseline_50__rep37,exp_source,mean,cusum,,130.0,1,130.0,True,100.12614624012826,1.3656746672158357,50,1000,21000,none,0,,10037
series4_boundaries,baseline_50,37,series4_boundaries__baseline_50__rep37,exp_source,mean,ewma,,129.0,2,129.0,True,100.12614624012826,1.3656746672158357,50,1000,21000,none,0,,10037
series4_boundaries,baseline_50,38,series4_boundaries__baseline_50__rep38,exp_source,mean,shewhart,,54,7,54,True,100.05239662032193,1.0740393293874093,50,1000,21000,none,0,,10038
series4_boundaries,baseline_50,38,series4_boundaries__baseline_50__rep38,exp_source,mean,cusum,,157,4,157,True,100.05239662032193,1.0740393293874093,50,1000,21000,none,0,,10038
series4_boundaries,baseline_50,38,series4_boundaries__baseline_50__rep38,exp_source,mean,ewma,,157,4,157,True,100.05239662032193,1.0740393293874093,50,1000,21000,none,0,,10038
series4_boundaries,baseline_50,39,series4_boundaries__baseline_50__rep39,exp_source,mean,shewhart,,925,1,925,True,99.85712882632964,1.1207478528022854,50,1000,21000,none,0,,10039
series4_boundaries,baseline_50,39,series4_boundaries__baseline_50__rep39,exp_source,mean,cusum,,733,3,733,True,99.85712882632964,1.1207478528022854,50,1000,21000,none,0,,10039
series4_boundaries,baseline_50,39,series4_boundaries__baseline_50__rep39,exp_source,mean,ewma,,733,1,733,True,99.85712882632964,1.1207478528022854,50,1000,21000,none,0,,10039
series4_boundaries,baseline_50,40,series4_boundaries__baseline_50__rep40,exp_source,mean,shewhart,,55,11,55,True,100.03966411780716,0.9864103271429435,50,1000,21000,none,0,,10040
series4_boundaries,baseline_50,40,series4_boundaries__baseline_50__rep40,exp_source,mean,cusum,,107,8,107,True,100.03966411780716,0.9864103271429435,50,1000,21000,none,0,,10040
series4_boundaries,baseline_50,40,series4_boundaries__baseline_50__rep40,exp_source,mean,ewma,,107,14,107,True,100.03966411780716,0.9864103271429435,50,1000,21000,none,0,,10040
series4_boundaries,baseline_50,41,series4_boundaries__baseline_50__rep41,exp_source,mean,shewhart,,,0,,False,100.04200490031847,1.2902721152775303,50,1000,21000,none,0,,10041
series4_boundaries,baseline_50,41,series4_boundaries__baseline_50__rep41,exp_source,mean,cusum,,,0,,False,100.04200490031847,1.2902721152775303,50,1000,21000,none,0,,10041
series4_boundaries,baseline_50,41,series4_boundaries__baseline_50__rep41,exp_source,mean,ewma,,,0,,False,100.04200490031847,1.2902721152775303,50,1000,21000,none,0,,10041
series4_boundaries,baseline_50,42,series4_boundaries__baseline_50__rep42,exp_source,mean,shewhart,,818,1,818,True,100.10459178209389,1.169703448109589,50,1000,21000,none,0,,10042
series4_boundaries,baseline_50,42,series4_boundaries__baseline_50__rep42,exp_source,mean,cusum,,51,4,51,True,100.10459178209389,1.169703448109589,50,1000,21000,none,0,,10042
series4_boundaries,baseline_50,42,series4_boundaries__baseline_50__rep42,exp_source,mean,ewma,,51,7,51,True,100.10459178209389,1.169703448109589,50,1000,21000,none,0,,10042
series4_boundaries,baseline_50,43,series4_boundaries__baseline_50__rep43,exp_source,mean,shewhart,,224,9,224,True,100.14013056746506,0.9453644664105806,50,1000,21000,none,0,,10043
series4_boundaries,baseline_50,43,series4_boundaries__baseline_50__rep43,exp_source,mean,cusum,,7,14,7,True,100.14013056746506,0.9453644664105806,50,1000,21000,none,0,,10043
series4_boundaries,baseline_50,43,series4_boundaries__baseline_50__rep43,exp_source,mean,ewma,,175,8,175,True,100.14013056746506,0.9453644664105806,50,1000,21000,none,0,,10043
series4_boundaries,baseline_50,44,series4_boundaries__baseline_50__rep44,exp_source,mean,shewhart,,674,2,674,True,99.897823321428,1.11500300997725,50,1000,21000,none,0,,10044
series4_boundaries,baseline_50,44,series4_boundaries__baseline_50__rep44,exp_source,mean,cusum,,275,4,275,True,99.897823321428,1.11500300997725,50,1000,21000,none,0,,10044
series4_boundaries,baseline_50,44,series4_boundaries__baseline_50__rep44,exp_source,mean,ewma,,275,8,275,True,99.897823321428,1.11500300997725,50,1000,21000,none,0,,10044
series4_boundaries,baseline_50,45,series4_boundaries__baseline_50__rep45,exp_source,mean,shewhart,,796.0,1,796.0,True,99.85990120531537,1.1474025019207923,50,1000,21000,none,0,,10045
series4_boundaries,baseline_50,45,series4_boundaries__baseline_50__rep45,exp_source,mean,cusum,,33.0,2,33.0,True,99.85990120531537,1.1474025019207923,50,1000,21000,none,0,,10045
series4_boundaries,baseline_50,45,series4_boundaries__baseline_50__rep45,exp_source,mean,ewma,,,0,,False,99.85990120531537,1.1474025019207923,50,1000,21000,none,0,,10045
series4_boundaries,baseline_50,46,series4_boundaries__baseline_50__rep46,exp_source,mean,shewhart,,,0,,False,99.94732581636023,1.1010501544979499,50,1000,21000,none,0,,10046
series4_boundaries,baseline_50,46,series4_boundaries__baseline_50__rep46,exp_source,mean,cusum,,57.0,2,57.0,True,99.94732581636023,1.1010501544979499,50,1000,21000,none,0,,10046
series4_boundaries,baseline_50,46,series4_boundaries__baseline_50__rep46,exp_source,mean,ewma,,390.0,1,390.0,True,99.94732581636023,1.1010501544979499,50,1000,21000,none,0,,10046
series4_boundaries,baseline_50,47,series4_boundaries__baseline_50__rep47,exp_source,mean,shewhart,,760,1,760,True,99.73583036897605,1.1814609278503245,50,1000,21000,none,0,,10047
series4_boundaries,baseline_50,47,series4_boundaries__baseline_50__rep47,exp_source,mean,cusum,,206,4,206,True,99.73583036897605,1.1814609278503245,50,1000,21000,none,0,,10047
series4_boundaries,baseline_50,47,series4_boundaries__baseline_50__rep47,exp_source,mean,ewma,,115,4,115,True,99.73583036897605,1.1814609278503245,50,1000,21000,none,0,,10047
series4_boundaries,baseline_50,48,series4_boundaries__baseline_50__rep48,exp_source,mean,shewhart,,,0,,False,99.96503574662978,1.3128467199954894,50,1000,21000,none,0,,10048
series4_boundaries,baseline_50,48,series4_boundaries__baseline_50__rep48,exp_source,mean,cusum,,,0,,False,99.96503574662978,1.3128467199954894,50,1000,21000,none,0,,10048
series4_boundaries,baseline_50,48,series4_boundaries__baseline_50__rep48,exp_source,mean,ewma,,,0,,False,99.96503574662978,1.3128467199954894,50,1000,21000,none,0,,10048
series4_boundaries,baseline_50,49,series4_boundaries__baseline_50__rep49,exp_source,mean,shewhart,,,0,,False,100.05052206496475,1.2482012521405839,50,1000,21000,none,0,,10049
series4_boundaries,baseline_50,49,series4_boundaries__baseline_50__rep49,exp_source,mean,cusum,,854.0,1,854.0,True,100.05052206496475,1.2482012521405839,50,1000,21000,none,0,,10049
series4_boundaries,baseline_50,49,series4_boundaries__baseline_50__rep49,exp_source,mean,ewma,,854.0,4,854.0,True,100.05052206496475,1.2482012521405839,50,1000,21000,none,0,,10049
series4_boundaries,baseline_50,50,series4_boundaries__baseline_50__rep50,exp_source,mean,shewhart,,79,8,79,True,99.75415560278093,1.0851377048697268,50,1000,21000,none,0,,10050
series4_boundaries,baseline_50,50,series4_boundaries__baseline_50__rep50,exp_source,mean,cusum,,171,13,171,True,99.75415560278093,1.0851377048697268,50,1000,21000,none,0,,10050
series4_boundaries,baseline_50,50,series4_boundaries__baseline_50__rep50,exp_source,mean,ewma,,171,17,171,True,99.75415560278093,1.0851377048697268,50,1000,21000,none,0,,10050
series4_boundaries,baseline_100,1,series4_boundaries__baseline_100__rep01,exp_source,mean,shewhart,,202,6,202,True,100.0708765639024,1.1460062076054685,100,1000,22000,none,0,,20001
series4_boundaries,baseline_100,1,series4_boundaries__baseline_100__rep01,exp_source,mean,cusum,,99,3,99,True,100.0708765639024,1.1460062076054685,100,1000,22000,none,0,,20001
series4_boundaries,baseline_100,1,series4_boundaries__baseline_100__rep01,exp_source,mean,ewma,,98,3,98,True,100.0708765639024,1.1460062076054685,100,1000,22000,none,0,,20001
series4_boundaries,baseline_100,2,series4_boundaries__baseline_100__rep02,exp_source,mean,shewhart,,139.0,2,139.0,True,99.88858129735772,1.2563226932912213,100,1000,22000,none,0,,20002
series4_boundaries,baseline_100,2,series4_boundaries__baseline_100__rep02,exp_source,mean,cusum,,,0,,False,99.88858129735772,1.2563226932912213,100,1000,22000,none,0,,20002
series4_boundaries,baseline_100,2,series4_boundaries__baseline_100__rep02,exp_source,mean,ewma,,,0,,False,99.88858129735772,1.2563226932912213,100,1000,22000,none,0,,20002
series4_boundaries,baseline_100,3,series4_boundaries__baseline_100__rep03,exp_source,mean,shewhart,,235,4,235,True,99.79261201347975,1.086262459225718,100,1000,22000,none,0,,20003
series4_boundaries,baseline_100,3,series4_boundaries__baseline_100__rep03,exp_source,mean,cusum,,302,8,302,True,99.79261201347975,1.086262459225718,100,1000,22000,none,0,,20003
series4_boundaries,baseline_100,3,series4_boundaries__baseline_100__rep03,exp_source,mean,ewma,,318,5,318,True,99.79261201347975,1.086262459225718,100,1000,22000,none,0,,20003
series4_boundaries,baseline_100,4,series4_boundaries__baseline_100__rep04,exp_source,mean,shewhart,,161,4,161,True,99.90356286464643,1.065857895218131,100,1000,22000,none,0,,20004
series4_boundaries,baseline_100,4,series4_boundaries__baseline_100__rep04,exp_source,mean,cusum,,234,4,234,True,99.90356286464643,1.065857895218131,100,1000,22000,none,0,,20004
series4_boundaries,baseline_100,4,series4_boundaries__baseline_100__rep04,exp_source,mean,ewma,,234,5,234,True,99.90356286464643,1.065857895218131,100,1000,22000,none,0,,20004
series4_boundaries,baseline_100,5,series4_boundaries__baseline_100__rep05,exp_source,mean,shewhart,,471,2,471,True,100.04617340226437,1.1844021527287498,100,1000,22000,none,0,,20005
series4_boundaries,baseline_100,5,series4_boundaries__baseline_100__rep05,exp_source,mean,cusum,,43,1,43,True,100.04617340226437,1.1844021527287498,100,1000,22000,none,0,,20005
series4_boundaries,baseline_100,5,series4_boundaries__baseline_100__rep05,exp_source,mean,ewma,,41,3,41,True,100.04617340226437,1.1844021527287498,100,1000,22000,none,0,,20005
series4_boundaries,baseline_100,6,series4_boundaries__baseline_100__rep06,exp_source,mean,shewhart,,84,4,84,True,99.81297504031333,1.008484522918903,100,1000,22000,none,0,,20006
series4_boundaries,baseline_100,6,series4_boundaries__baseline_100__rep06,exp_source,mean,cusum,,67,5,67,True,99.81297504031333,1.008484522918903,100,1000,22000,none,0,,20006
series4_boundaries,baseline_100,6,series4_boundaries__baseline_100__rep06,exp_source,mean,ewma,,158,4,158,True,99.81297504031333,1.008484522918903,100,1000,22000,none,0,,20006
series4_boundaries,baseline_100,7,series4_boundaries__baseline_100__rep07,exp_source,mean,shewhart,,551,3,551,True,99.95615665270883,1.0641294020145817,100,1000,22000,none,0,,20007
series4_boundaries,baseline_100,7,series4_boundaries__baseline_100__rep07,exp_source,mean,cusum,,51,4,51,True,99.95615665270883,1.0641294020145817,100,1000,22000,none,0,,20007
series4_boundaries,baseline_100,7,series4_boundaries__baseline_100__rep07,exp_source,mean,ewma,,312,4,312,True,99.95615665270883,1.0641294020145817,100,1000,22000,none,0,,20007
series4_boundaries,baseline_100,8,series4_boundaries__baseline_100__rep08,exp_source,mean,shewhart,,384,9,384,True,100.14448305573194,0.9539726633355305,100,1000,22000,none,0,,20008
series4_boundaries,baseline_100,8,series4_boundaries__baseline_100__rep08,exp_source,mean,cusum,,287,7,287,True,100.14448305573194,0.9539726633355305,100,1000,22000,none,0,,20008
series4_boundaries,baseline_100,8,series4_boundaries__baseline_100__rep08,exp_source,mean,ewma,,146,12,146,True,100.14448305573194,0.9539726633355305,100,1000,22000,none,0,,20008
series4_boundaries,baseline_100,9,series4_boundaries__baseline_100__rep09,exp_source,mean,shewhart,,346,3,346,True,100.04010934131865,1.1146638213785192,100,1000,22000,none,0,,20009
series4_boundaries,baseline_100,9,series4_boundaries__baseline_100__rep09,exp_source,mean,cusum,,72,3,72,True,100.04010934131865,1.1146638213785192,100,1000,22000,none,0,,20009
series4_boundaries,baseline_100,9,series4_boundaries__baseline_100__rep09,exp_source,mean,ewma,,78,3,78,True,100.04010934131865,1.1146638213785192,100,1000,22000,none,0,,20009
series4_boundaries,baseline_100,10,series4_boundaries__baseline_100__rep10,exp_source,mean,shewhart,,87,5,87,True,99.90591251349038,1.1717066219315875,100,1000,22000,none,0,,20010
series4_boundaries,baseline_100,10,series4_boundaries__baseline_100__rep10,exp_source,mean,cusum,,88,5,88,True,99.90591251349038,1.1717066219315875,100,1000,22000,none,0,,20010
series4_boundaries,baseline_100,10,series4_boundaries__baseline_100__rep10,exp_source,mean,ewma,,87,10,87,True,99.90591251349038,1.1717066219315875,100,1000,22000,none,0,,20010
series4_boundaries,baseline_100,11,series4_boundaries__baseline_100__rep11,exp_source,mean,shewhart,,659,1,659,True,100.11282451693606,1.1800074359937807,100,1000,22000,none,0,,20011
series4_boundaries,baseline_100,11,series4_boundaries__baseline_100__rep11,exp_source,mean,cusum,,61,3,61,True,100.11282451693606,1.1800074359937807,100,1000,22000,none,0,,20011
series4_boundaries,baseline_100,11,series4_boundaries__baseline_100__rep11,exp_source,mean,ewma,,61,4,61,True,100.11282451693606,1.1800074359937807,100,1000,22000,none,0,,20011
series4_boundaries,baseline_100,12,series4_boundaries__baseline_100__rep12,exp_source,mean,shewhart,,47,7,47,True,99.70862122269746,1.0553448750428858,100,1000,22000,none,0,,20012
series4_boundaries,baseline_100,12,series4_boundaries__baseline_100__rep12,exp_source,mean,cusum,,54,5,54,True,99.70862122269746,1.0553448750428858,100,1000,22000,none,0,,20012
series4_boundaries,baseline_100,12,series4_boundaries__baseline_100__rep12,exp_source,mean,ewma,,318,5,318,True,99.70862122269746,1.0553448750428858,100,1000,22000,none,0,,20012
series4_boundaries,baseline_100,13,series4_boundaries__baseline_100__rep13,exp_source,mean,shewhart,,329.0,4,329.0,True,99.97129835373983,1.1381690898833676,100,1000,22000,none,0,,20013
series4_boundaries,baseline_100,13,series4_boundaries__baseline_100__rep13,exp_source,mean,cusum,,698.0,1,698.0,True,99.97129835373983,1.1381690898833676,100,1000,22000,none,0,,20013
series4_boundaries,baseline_100,13,series4_boundaries__baseline_100__rep13,exp_source,mean,ewma,,,0,,False,99.97129835373983,1.1381690898833676,100,1000,22000,none,0,,20013
series4_boundaries,baseline_100,14,series4_boundaries__baseline_100__rep14,exp_source,mean,shewhart,,2,4,2,True,100.12499485240205,1.1143688782608054,100,1000,22000,none,0,,20014
series4_boundaries,baseline_100,14,series4_boundaries__baseline_100__rep14,exp_source,mean,cusum,,495,1,495,True,100.12499485240205,1.1143688782608054,100,1000,22000,none,0,,20014
series4_boundaries,baseline_100,14,series4_boundaries__baseline_100__rep14,exp_source,mean,ewma,,2,5,2,True,100.12499485240205,1.1143688782608054,100,1000,22000,none,0,,20014
series4_boundaries,baseline_100,15,series4_boundaries__baseline_100__rep15,exp_source,mean,shewhart,,178,3,178,True,100.15249614595326,1.10896029738801,100,1000,22000,none,0,,20015
series4_boundaries,baseline_100,15,series4_boundaries__baseline_100__rep15,exp_source,mean,cusum,,183,7,183,True,100.15249614595326,1.10896029738801,100,1000,22000,none,0,,20015
series4_boundaries,baseline_100,15,series4_boundaries__baseline_100__rep15,exp_source,mean,ewma,,178,9,178,True,100.15249614595326,1.10896029738801,100,1000,22000,none,0,,20015
series4_boundaries,baseline_100,16,series4_boundaries__baseline_100__rep16,exp_source,mean,shewhart,,646.0,3,646.0,True,100.0889896045269,1.0906603999153264,100,1000,22000,none,0,,20016
series4_boundaries,baseline_100,16,series4_boundaries__baseline_100__rep16,exp_source,mean,cusum,,564.0,2,564.0,True,100.0889896045269,1.0906603999153264,100,1000,22000,none,0,,20016
series4_boundaries,baseline_100,16,series4_boundaries__baseline_100__rep16,exp_source,mean,ewma,,,0,,False,100.0889896045269,1.0906603999153264,100,1000,22000,none,0,,20016
series4_boundaries,baseline_100,17,series4_boundaries__baseline_100__rep17,exp_source,mean,shewhart,,165,10,165,True,100.18661291497123,1.0192136303104218,100,1000,22000,none,0,,20017
series4_boundaries,baseline_100,17,series4_boundaries__baseline_100__rep17,exp_source,mean,cusum,,132,11,132,True,100.18661291497123,1.0192136303104218,100,1000,22000,none,0,,20017
series4_boundaries,baseline_100,17,series4_boundaries__baseline_100__rep17,exp_source,mean,ewma,,133,19,133,True,100.18661291497123,1.0192136303104218,100,1000,22000,none,0,,20017
series4_boundaries,baseline_100,18,series4_boundaries__baseline_100__rep18,exp_source,mean,shewhart,,,0,,False,100.13513298035639,1.1802593387873732,100,1000,22000,none,0,,20018
series4_boundaries,baseline_100,18,series4_boundaries__baseline_100__rep18,exp_source,mean,cusum,,15.0,4,15.0,True,100.13513298035639,1.1802593387873732,100,1000,22000,none,0,,20018
series4_boundaries,baseline_100,18,series4_boundaries__baseline_100__rep18,exp_source,mean,ewma,,15.0,8,15.0,True,100.13513298035639,1.1802593387873732,100,1000,22000,none,0,,20018
series4_boundaries,baseline_100,19,series4_boundaries__baseline_100__rep19,exp_source,mean,shewhart,,431,4,431,True,100.03201056459335,1.0028103826316315,100,1000,22000,none,0,,20019
series4_boundaries,baseline_100,19,series4_boundaries__baseline_100__rep19,exp_source,mean,cusum,,793,4,793,True,100.03201056459335,1.0028103826316315,100,1000,22000,none,0,,20019
series4_boundaries,baseline_100,19,series4_boundaries__baseline_100__rep19,exp_source,mean,ewma,,984,4,984,True,100.03201056459335,1.0028103826316315,100,1000,22000,none,0,,20019
series4_boundaries,baseline_100,20,series4_boundaries__baseline_100__rep20,exp_source,mean,shewhart,,96,1,96,True,100.00563826786274,1.167100654172465,100,1000,22000,none,0,,20020
series4_boundaries,baseline_100,20,series4_boundaries__baseline_100__rep20,exp_source,mean,cusum,,98,2,98,True,100.00563826786274,1.167100654172465,100,1000,22000,none,0,,20020
series4_boundaries,baseline_100,20,series4_boundaries__baseline_100__rep20,exp_source,mean,ewma,,98,3,98,True,100.00563826786274,1.167100654172465,100,1000,22000,none,0,,20020
series4_boundaries,baseline_100,21,series4_boundaries__baseline_100__rep21,exp_source,mean,shewhart,,,0,,False,99.8918391841668,1.2525666759090277,100,1000,22000,none,0,,20021
series4_boundaries,baseline_100,21,series4_boundaries__baseline_100__rep21,exp_source,mean,cusum,,,0,,False,99.8918391841668,1.2525666759090277,100,1000,22000,none,0,,20021
series4_boundaries,baseline_100,21,series4_boundaries__baseline_100__rep21,exp_source,mean,ewma,,,0,,False,99.8918391841668,1.2525666759090277,100,1000,22000,none,0,,20021
series4_boundaries,baseline_100,22,series4_boundaries__baseline_100__rep22,exp_source,mean,shewhart,,24,3,24,True,100.21550046548167,1.0967916220439042,100,1000,22000,none,0,,20022
series4_boundaries,baseline_100,22,series4_boundaries__baseline_100__rep22,exp_source,mean,cusum,,24,4,24,True,100.21550046548167,1.0967916220439042,100,1000,22000,none,0,,20022
series4_boundaries,baseline_100,22,series4_boundaries__baseline_100__rep22,exp_source,mean,ewma,,24,3,24,True,100.21550046548167,1.0967916220439042,100,1000,22000,none,0,,20022
series4_boundaries,baseline_100,23,series4_boundaries__baseline_100__rep23,exp_source,mean,shewhart,,45,5,45,True,100.14649592988762,1.0783343228176692,100,1000,22000,none,0,,20023
series4_boundaries,baseline_100,23,series4_boundaries__baseline_100__rep23,exp_source,mean,cusum,,61,7,61,True,100.14649592988762,1.0783343228176692,100,1000,22000,none,0,,20023
series4_boundaries,baseline_100,23,series4_boundaries__baseline_100__rep23,exp_source,mean,ewma,,62,16,62,True,100.14649592988762,1.0783343228176692,100,1000,22000,none,0,,20023
series4_boundaries,baseline_100,24,series4_boundaries__baseline_100__rep24,exp_source,mean,shewhart,,54,3,54,True,100.19990153345593,1.1396018185044923,100,1000,22000,none,0,,20024
series4_boundaries,baseline_100,24,series4_boundaries__baseline_100__rep24,exp_source,mean,cusum,,230,7,230,True,100.19990153345593,1.1396018185044923,100,1000,22000,none,0,,20024
series4_boundaries,baseline_100,24,series4_boundaries__baseline_100__rep24,exp_source,mean,ewma,,162,9,162,True,100.19990153345593,1.1396018185044923,100,1000,22000,none,0,,20024
series4_boundaries,baseline_100,25,series4_boundaries__baseline_100__rep25,exp_source,mean,shewhart,,256,2,256,True,100.14405055249908,1.0470676539608852,100,1000,22000,none,0,,20025
series4_boundaries,baseline_100,25,series4_boundaries__baseline_100__rep25,exp_source,mean,cusum,,507,5,507,True,100.14405055249908,1.0470676539608852,100,1000,22000,none,0,,20025
series4_boundaries,baseline_100,25,series4_boundaries__baseline_100__rep25,exp_source,mean,ewma,,627,3,627,True,100.14405055249908,1.0470676539608852,100,1000,22000,none,0,,20025
series4_boundaries,baseline_100,26,series4_boundaries__baseline_100__rep26,exp_source,mean,shewhart,,665.0,1,665.0,True,100.14198303856504,1.2096776787074077,100,1000,22000,none,0,,20026
series4_boundaries,baseline_100,26,series4_boundaries__baseline_100__rep26,exp_source,mean,cusum,,,0,,False,100.14198303856504,1.2096776787074077,100,1000,22000,none,0,,20026
series4_boundaries,baseline_100,26,series4_boundaries__baseline_100__rep26,exp_source,mean,ewma,,,0,,False,100.14198303856504,1.2096776787074077,100,1000,22000,none,0,,20026
series4_boundaries,baseline_100,27,series4_boundaries__baseline_100__rep27,exp_source,mean,shewhart,,,0,,False,100.17112914464829,1.1968953496372077,100,1000,22000,none,0,,20027
series4_boundaries,baseline_100,27,series4_boundaries__baseline_100__rep27,exp_source,mean,cusum,,106.0,3,106.0,True,100.17112914464829,1.1968953496372077,100,1000,22000,none,0,,20027
series4_boundaries,baseline_100,27,series4_boundaries__baseline_100__rep27,exp_source,mean,ewma,,105.0,7,105.0,True,100.17112914464829,1.1968953496372077,100,1000,22000,none,0,,20027
series4_boundaries,baseline_100,28,series4_boundaries__baseline_100__rep28,exp_source,mean,shewhart,,430,1,430,True,99.90816855901511,1.0740706678691385,100,1000,22000,none,0,,20028
series4_boundaries,baseline_100,28,series4_boundaries__baseline_100__rep28,exp_source,mean,cusum,,35,4,35,True,99.90816855901511,1.0740706678691385,100,1000,22000,none,0,,20028
series4_boundaries,baseline_100,28,series4_boundaries__baseline_100__rep28,exp_source,mean,ewma,,431,3,431,True,99.90816855901511,1.0740706678691385,100,1000,22000,none,0,,20028
series4_boundaries,baseline_100,29,series4_boundaries__baseline_100__rep29,exp_source,mean,shewhart,,,0,,False,100.16741469111085,1.141637301016606,100,1000,22000,none,0,,20029
series4_boundaries,baseline_100,29,series4_boundaries__baseline_100__rep29,exp_source,mean,cusum,,,0,,False,100.16741469111085,1.141637301016606,100,1000,22000,none,0,,20029
series4_boundaries,baseline_100,29,series4_boundaries__baseline_100__rep29,exp_source,mean,ewma,,339.0,2,339.0,True,100.16741469111085,1.141637301016606,100,1000,22000,none,0,,20029
series4_boundaries,baseline_100,30,series4_boundaries__baseline_100__rep30,exp_source,mean,shewhart,,95.0,3,95.0,True,100.01602555021366,1.133598778746943,100,1000,22000,none,0,,20030
series4_boundaries,baseline_100,30,series4_boundaries__baseline_100__rep30,exp_source,mean,cusum,,,0,,False,100.01602555021366,1.133598778746943,100,1000,22000,none,0,,20030
series4_boundaries,baseline_100,30,series4_boundaries__baseline_100__rep30,exp_source,mean,ewma,,,0,,False,100.01602555021366,1.133598778746943,100,1000,22000,none,0,,20030
series4_boundaries,baseline_100,31,series4_boundaries__baseline_100__rep31,exp_source,mean,shewhart,,362,3,362,True,100.07295030846734,1.1379449167801083,100,1000,22000,none,0,,20031
series4_boundaries,baseline_100,31,series4_boundaries__baseline_100__rep31,exp_source,mean,cusum,,622,2,622,True,100.07295030846734,1.1379449167801083,100,1000,22000,none,0,,20031
series4_boundaries,baseline_100,31,series4_boundaries__baseline_100__rep31,exp_source,mean,ewma,,622,1,622,True,100.07295030846734,1.1379449167801083,100,1000,22000,none,0,,20031
series4_boundaries,baseline_100,32,series4_boundaries__baseline_100__rep32,exp_source,mean,shewhart,,289,2,289,True,99.99502310462053,1.1019630366900686,100,1000,22000,none,0,,20032
series4_boundaries,baseline_100,32,series4_boundaries__baseline_100__rep32,exp_source,mean,cusum,,32,3,32,True,99.99502310462053,1.1019630366900686,100,1000,22000,none,0,,20032
series4_boundaries,baseline_100,32,series4_boundaries__baseline_100__rep32,exp_source,mean,ewma,,98,3,98,True,99.99502310462053,1.1019630366900686,100,1000,22000,none,0,,20032
series4_boundaries,baseline_100,33,series4_boundaries__baseline_100__rep33,exp_source,mean,shewhart,,62.0,1,62.0,True,100.2011385322664,1.2312232032135029,100,1000,22000,none,0,,20033
series4_boundaries,baseline_100,33,series4_boundaries__baseline_100__rep33,exp_source,mean,cusum,,,0,,False,100.2011385322664,1.2312232032135029,100,1000,22000,none,0,,20033
series4_boundaries,baseline_100,33,series4_boundaries__baseline_100__rep33,exp_source,mean,ewma,,,0,,False,100.2011385322664,1.2312232032135029,100,1000,22000,none,0,,20033
series4_boundaries,baseline_100,34,series4_boundaries__baseline_100__rep34,exp_source,mean,shewhart,,132,3,132,True,100.25496295916201,1.1723409582256208,100,1000,22000,none,0,,20034
series4_boundaries,baseline_100,34,series4_boundaries__baseline_100__rep34,exp_source,mean,cusum,,148,4,148,True,100.25496295916201,1.1723409582256208,100,1000,22000,none,0,,20034
series4_boundaries,baseline_100,34,series4_boundaries__baseline_100__rep34,exp_source,mean,ewma,,148,7,148,True,100.25496295916201,1.1723409582256208,100,1000,22000,none,0,,20034
series4_boundaries,baseline_100,35,series4_boundaries__baseline_100__rep35,exp_source,mean,shewhart,,,0,,False,100.01910902976019,1.1762133947722786,100,1000,22000,none,0,,20035
series4_boundaries,baseline_100,35,series4_boundaries__baseline_100__rep35,exp_source,mean,cusum,,457.0,1,457.0,True,100.01910902976019,1.1762133947722786,100,1000,22000,none,0,,20035
series4_boundaries,baseline_100,35,series4_boundaries__baseline_100__rep35,exp_source,mean,ewma,,456.0,2,456.0,True,100.01910902976019,1.1762133947722786,100,1000,22000,none,0,,20035
series4_boundaries,baseline_100,36,series4_boundaries__baseline_100__rep36,exp_source,mean,shewhart,,27,5,27,True,99.98666537233026,1.1243324979184335,100,1000,22000,none,0,,20036
series4_boundaries,baseline_100,36,series4_boundaries__baseline_100__rep36,exp_source,mean,cusum,,131,5,131,True,99.98666537233026,1.1243324979184335,100,1000,22000,none,0,,20036
series4_boundaries,baseline_100,36,series4_boundaries__baseline_100__rep36,exp_source,mean,ewma,,131,4,131,True,99.98666537233026,1.1243324979184335,100,1000,22000,none,0,,20036
series4_boundaries,baseline_100,37,series4_boundaries__baseline_100__rep37,exp_source,mean,shewhart,,366.0,1,366.0,True,100.13754137621028,1.1926043514638278,100,1000,22000,none,0,,20037
series4_boundaries,baseline_100,37,series4_boundaries__baseline_100__rep37,exp_source,mean,cusum,,702.0,2,702.0,True,100.13754137621028,1.1926043514638278,100,1000,22000,none,0,,20037
series4_boundaries,baseline_100,37,series4_boundaries__baseline_100__rep37,exp_source,mean,ewma,,,0,,False,100.13754137621028,1.1926043514638278,100,1000,22000,none,0,,20037
series4_boundaries,baseline_100,38,series4_boundaries__baseline_100__rep38,exp_source,mean,shewhart,,504.0,1,504.0,True,100.03718080990625,1.135061278803679,100,1000,22000,none,0,,20038
series4_boundaries,baseline_100,38,series4_boundaries__baseline_100__rep38,exp_source,mean,cusum,,789.0,1,789.0,True,100.03718080990625,1.135061278803679,100,1000,22000,none,0,,20038
series4_boundaries,baseline_100,38,series4_boundaries__baseline_100__rep38,exp_source,mean,ewma,,,0,,False,100.03718080990625,1.135061278803679,100,1000,22000,none,0,,20038
series4_boundaries,baseline_100,39,series4_boundaries__baseline_100__rep39,exp_source,mean,shewhart,,189,14,189,True,99.78918622545581,0.9465488423343235,100,1000,22000,none,0,,20039
series4_boundaries,baseline_100,39,series4_boundaries__baseline_100__rep39,exp_source,mean,cusum,,189,15,189,True,99.78918622545581,0.9465488423343235,100,1000,22000,none,0,,20039
series4_boundaries,baseline_100,39,series4_boundaries__baseline_100__rep39,exp_source,mean,ewma,,189,30,189,True,99.78918622545581,0.9465488423343235,100,1000,22000,none,0,,20039
series4_boundaries,baseline_100,40,series4_boundaries__baseline_100__rep40,exp_source,mean,shewhart,,12,3,12,True,99.94530711623051,1.1361269681638448,100,1000,22000,none,0,,20040
series4_boundaries,baseline_100,40,series4_boundaries__baseline_100__rep40,exp_source,mean,cusum,,14,5,14,True,99.94530711623051,1.1361269681638448,100,1000,22000,none,0,,20040
series4_boundaries,baseline_100,40,series4_boundaries__baseline_100__rep40,exp_source,mean,ewma,,14,8,14,True,99.94530711623051,1.1361269681638448,100,1000,22000,none,0,,20040
series4_boundaries,baseline_100,41,series4_boundaries__baseline_100__rep41,exp_source,mean,shewhart,,336,3,336,True,99.98865057547009,1.1492354131408087,100,1000,22000,none,0,,20041
series4_boundaries,baseline_100,41,series4_boundaries__baseline_100__rep41,exp_source,mean,cusum,,337,3,337,True,99.98865057547009,1.1492354131408087,100,1000,22000,none,0,,20041
series4_boundaries,baseline_100,41,series4_boundaries__baseline_100__rep41,exp_source,mean,ewma,,337,2,337,True,99.98865057547009,1.1492354131408087,100,1000,22000,none,0,,20041
series4_boundaries,baseline_100,42,series4_boundaries__baseline_100__rep42,exp_source,mean,shewhart,,130.0,3,130.0,True,100.11360130003368,1.1585070948711267,100,1000,22000,none,0,,20042
series4_boundaries,baseline_100,42,series4_boundaries__baseline_100__rep42,exp_source,mean,cusum,,65.0,1,65.0,True,100.11360130003368,1.1585070948711267,100,1000,22000,none,0,,20042
series4_boundaries,baseline_100,42,series4_boundaries__baseline_100__rep42,exp_source,mean,ewma,,,0,,False,100.11360130003368,1.1585070948711267,100,1000,22000,none,0,,20042
series4_boundaries,baseline_100,43,series4_boundaries__baseline_100__rep43,exp_source,mean,shewhart,,305,2,305,True,100.12284260702991,1.1355073944134577,100,1000,22000,none,0,,20043
series4_boundaries,baseline_100,43,series4_boundaries__baseline_100__rep43,exp_source,mean,cusum,,169,3,169,True,100.12284260702991,1.1355073944134577,100,1000,22000,none,0,,20043
series4_boundaries,baseline_100,43,series4_boundaries__baseline_100__rep43,exp_source,mean,ewma,,167,1,167,True,100.12284260702991,1.1355073944134577,100,1000,22000,none,0,,20043
series4_boundaries,baseline_100,44,series4_boundaries__baseline_100__rep44,exp_source,mean,shewhart,,709.0,1,709.0,True,99.95858513243682,1.2049012029688035,100,1000,22000,none,0,,20044
series4_boundaries,baseline_100,44,series4_boundaries__baseline_100__rep44,exp_source,mean,cusum,,,0,,False,99.95858513243682,1.2049012029688035,100,1000,22000,none,0,,20044
series4_boundaries,baseline_100,44,series4_boundaries__baseline_100__rep44,exp_source,mean,ewma,,,0,,False,99.95858513243682,1.2049012029688035,100,1000,22000,none,0,,20044
series4_boundaries,baseline_100,45,series4_boundaries__baseline_100__rep45,exp_source,mean,shewhart,,192,2,192,True,99.87691353755146,1.122535653265913,100,1000,22000,none,0,,20045
series4_boundaries,baseline_100,45,series4_boundaries__baseline_100__rep45,exp_source,mean,cusum,,506,1,506,True,99.87691353755146,1.122535653265913,100,1000,22000,none,0,,20045
series4_boundaries,baseline_100,45,series4_boundaries__baseline_100__rep45,exp_source,mean,ewma,,283,1,283,True,99.87691353755146,1.122535653265913,100,1000,22000,none,0,,20045
series4_boundaries,baseline_100,46,series4_boundaries__baseline_100__rep46,exp_source,mean,shewhart,,100,2,100,True,99.74662898648002,1.1668960813507447,100,1000,22000,none,0,,20046
series4_boundaries,baseline_100,46,series4_boundaries__baseline_100__rep46,exp_source,mean,cusum,,313,2,313,True,99.74662898648002,1.1668960813507447,100,1000,22000,none,0,,20046
series4_boundaries,baseline_100,46,series4_boundaries__baseline_100__rep46,exp_source,mean,ewma,,632,1,632,True,99.74662898648002,1.1668960813507447,100,1000,22000,none,0,,20046
series4_boundaries,baseline_100,47,series4_boundaries__baseline_100__rep47,exp_source,mean,shewhart,,112,3,112,True,100.12261742040695,1.10435998681585,100,1000,22000,none,0,,20047
series4_boundaries,baseline_100,47,series4_boundaries__baseline_100__rep47,exp_source,mean,cusum,,599,1,599,True,100.12261742040695,1.10435998681585,100,1000,22000,none,0,,20047
series4_boundaries,baseline_100,47,series4_boundaries__baseline_100__rep47,exp_source,mean,ewma,,112,5,112,True,100.12261742040695,1.10435998681585,100,1000,22000,none,0,,20047
series4_boundaries,baseline_100,48,series4_boundaries__baseline_100__rep48,exp_source,mean,shewhart,,68.0,6,68.0,True,100.00692882200916,1.0554867383156628,100,1000,22000,none,0,,20048
series4_boundaries,baseline_100,48,series4_boundaries__baseline_100__rep48,exp_source,mean,cusum,,367.0,2,367.0,True,100.00692882200916,1.0554867383156628,100,1000,22000,none,0,,20048
series4_boundaries,baseline_100,48,series4_boundaries__baseline_100__rep48,exp_source,mean,ewma,,,0,,False,100.00692882200916,1.0554867383156628,100,1000,22000,none,0,,20048
series4_boundaries,baseline_100,49,series4_boundaries__baseline_100__rep49,exp_source,mean,shewhart,,205.0,4,205.0,True,99.92629336469778,1.0892208342543637,100,1000,22000,none,0,,20049
series4_boundaries,baseline_100,49,series4_boundaries__baseline_100__rep49,exp_source,mean,cusum,,,0,,False,99.92629336469778,1.0892208342543637,100,1000,22000,none,0,,20049
series4_boundaries,baseline_100,49,series4_boundaries__baseline_100__rep49,exp_source,mean,ewma,,,0,,False,99.92629336469778,1.0892208342543637,100,1000,22000,none,0,,20049
series4_boundaries,baseline_100,50,series4_boundaries__baseline_100__rep50,exp_source,mean,shewhart,,455.0,3,455.0,True,100.05926418969132,1.1883005355845677,100,1000,22000,none,0,,20050
series4_boundaries,baseline_100,50,series4_boundaries__baseline_100__rep50,exp_source,mean,cusum,,,0,,False,100.05926418969132,1.1883005355845677,100,1000,22000,none,0,,20050
series4_boundaries,baseline_100,50,series4_boundaries__baseline_100__rep50,exp_source,mean,ewma,,423.0,3,423.0,True,100.05926418969132,1.1883005355845677,100,1000,22000,none,0,,20050
series4_boundaries,baseline_150,1,series4_boundaries__baseline_150__rep01,exp_source,mean,shewhart,,325,5,325,True,100.04371517411117,1.063198018426748,150,1000,23000,none,0,,30001
series4_boundaries,baseline_150,1,series4_boundaries__baseline_150__rep01,exp_source,mean,cusum,,531,2,531,True,100.04371517411117,1.063198018426748,150,1000,23000,none,0,,30001
series4_boundaries,baseline_150,1,series4_boundaries__baseline_150__rep01,exp_source,mean,ewma,,649,2,649,True,100.04371517411117,1.063198018426748,150,1000,23000,none,0,,30001
series4_boundaries,baseline_150,2,series4_boundaries__baseline_150__rep02,exp_source,mean,shewhart,,250,6,250,True,100.0759190456285,1.062893720703384,150,1000,23000,none,0,,30002
series4_boundaries,baseline_150,2,series4_boundaries__baseline_150__rep02,exp_source,mean,cusum,,658,3,658,True,100.0759190456285,1.062893720703384,150,1000,23000,none,0,,30002
series4_boundaries,baseline_150,2,series4_boundaries__baseline_150__rep02,exp_source,mean,ewma,,659,5,659,True,100.0759190456285,1.062893720703384,150,1000,23000,none,0,,30002
series4_boundaries,baseline_150,3,series4_boundaries__baseline_150__rep03,exp_source,mean,shewhart,,629,3,629,True,99.9697138952806,1.097387077335082,150,1000,23000,none,0,,30003
series4_boundaries,baseline_150,3,series4_boundaries__baseline_150__rep03,exp_source,mean,cusum,,889,2,889,True,99.9697138952806,1.097387077335082,150,1000,23000,none,0,,30003
series4_boundaries,baseline_150,3,series4_boundaries__baseline_150__rep03,exp_source,mean,ewma,,860,3,860,True,99.9697138952806,1.097387077335082,150,1000,23000,none,0,,30003
series4_boundaries,baseline_150,4,series4_boundaries__baseline_150__rep04,exp_source,mean,shewhart,,91,5,91,True,100.10103561333734,1.0699026117459869,150,1000,23000,none,0,,30004
series4_boundaries,baseline_150,4,series4_boundaries__baseline_150__rep04,exp_source,mean,cusum,,50,9,50,True,100.10103561333734,1.0699026117459869,150,1000,23000,none,0,,30004
series4_boundaries,baseline_150,4,series4_boundaries__baseline_150__rep04,exp_source,mean,ewma,,51,13,51,True,100.10103561333734,1.0699026117459869,150,1000,23000,none,0,,30004
series4_boundaries,baseline_150,5,series4_boundaries__baseline_150__rep05,exp_source,mean,shewhart,,145,9,145,True,100.01909110068839,1.041072781665661,150,1000,23000,none,0,,30005
series4_boundaries,baseline_150,5,series4_boundaries__baseline_150__rep05,exp_source,mean,cusum,,128,4,128,True,100.01909110068839,1.041072781665661,150,1000,23000,none,0,,30005
series4_boundaries,baseline_150,5,series4_boundaries__baseline_150__rep05,exp_source,mean,ewma,,395,3,395,True,100.01909110068839,1.041072781665661,150,1000,23000,none,0,,30005
series4_boundaries,baseline_150,6,series4_boundaries__baseline_150__rep06,exp_source,mean,shewhart,,52,8,52,True,99.91660234531041,1.0329845640178423,150,1000,23000,none,0,,30006
series4_boundaries,baseline_150,6,series4_boundaries__baseline_150__rep06,exp_source,mean,cusum,,52,7,52,True,99.91660234531041,1.0329845640178423,150,1000,23000,none,0,,30006
series4_boundaries,baseline_150,6,series4_boundaries__baseline_150__rep06,exp_source,mean,ewma,,52,8,52,True,99.91660234531041,1.0329845640178423,150,1000,23000,none,0,,30006
series4_boundaries,baseline_150,7,series4_boundaries__baseline_150__rep07,exp_source,mean,shewhart,,536.0,1,536.0,True,99.96504163752601,1.146103036244033,150,1000,23000,none,0,,30007
series4_boundaries,baseline_150,7,series4_boundaries__baseline_150__rep07,exp_source,mean,cusum,,385.0,1,385.0,True,99.96504163752601,1.146103036244033,150,1000,23000,none,0,,30007
series4_boundaries,baseline_150,7,series4_boundaries__baseline_150__rep07,exp_source,mean,ewma,,,0,,False,99.96504163752601,1.146103036244033,150,1000,23000,none,0,,30007
series4_boundaries,baseline_150,8,series4_boundaries__baseline_150__rep08,exp_source,mean,shewhart,,280,5,280,True,100.13009175831893,1.1232864605059558,150,1000,23000,none,0,,30008
series4_boundaries,baseline_150,8,series4_boundaries__baseline_150__rep08,exp_source,mean,cusum,,147,2,147,True,100.13009175831893,1.1232864605059558,150,1000,23000,none,0,,30008
series4_boundaries,baseline_150,8,series4_boundaries__baseline_150__rep08,exp_source,mean,ewma,,295,3,295,True,100.13009175831893,1.1232864605059558,150,1000,23000,none,0,,30008
series4_boundaries,baseline_150,9,series4_boundaries__baseline_150__rep09,exp_source,mean,shewhart,,474,1,474,True,99.93676433591658,1.1686336892199254,150,1000,23000,none,0,,30009
series4_boundaries,baseline_150,9,series4_boundaries__baseline_150__rep09,exp_source,mean,cusum,,477,2,477,True,99.93676433591658,1.1686336892199254,150,1000,23000,none,0,,30009
series4_boundaries,baseline_150,9,series4_boundaries__baseline_150__rep09,exp_source,mean,ewma,,477,1,477,True,99.93676433591658,1.1686336892199254,150,1000,23000,none,0,,30009
series4_boundaries,baseline_150,10,series4_boundaries__baseline_150__rep10,exp_source,mean,shewhart,,415,2,415,True,99.85863927574906,1.0722895856417622,150,1000,23000,none,0,,30010
series4_boundaries,baseline_150,10,series4_boundaries__baseline_150__rep10,exp_source,mean,cusum,,27,4,27,True,99.85863927574906,1.0722895856417622,150,1000,23000,none,0,,30010
series4_boundaries,baseline_150,10,series4_boundaries__baseline_150__rep10,exp_source,mean,ewma,,27,6,27,True,99.85863927574906,1.0722895856417622,150,1000,23000,none,0,,30010
series4_boundaries,baseline_150,11,series4_boundaries__baseline_150__rep11,exp_source,mean,shewhart,,231,7,231,True,99.98791278107906,1.096773912801043,150,1000,23000,none,0,,30011
series4_boundaries,baseline_150,11,series4_boundaries__baseline_150__rep11,exp_source,mean,cusum,,105,3,105,True,99.98791278107906,1.096773912801043,150,1000,23000,none,0,,30011
series4_boundaries,baseline_150,11,series4_boundaries__baseline_150__rep11,exp_source,mean,ewma,,105,2,105,True,99.98791278107906,1.096773912801043,150,1000,23000,none,0,,30011
series4_boundaries,baseline_150,12,series4_boundaries__baseline_150__rep12,exp_source,mean,shewhart,,508,3,508,True,100.10359058366316,1.1362400189006865,150,1000,23000,none,0,,30012
series4_boundaries,baseline_150,12,series4_boundaries__baseline_150__rep12,exp_source,mean,cusum,,471,2,471,True,100.10359058366316,1.1362400189006865,150,1000,23000,none,0,,30012
series4_boundaries,baseline_150,12,series4_boundaries__baseline_150__rep12,exp_source,mean,ewma,,471,2,471,True,100.10359058366316,1.1362400189006865,150,1000,23000,none,0,,30012
series4_boundaries,baseline_150,13,series4_boundaries__baseline_150__rep13,exp_source,mean,shewhart,,258,5,258,True,99.96927221147105,1.0519154195885838,150,1000,23000,none,0,,30013
series4_boundaries,baseline_150,13,series4_boundaries__baseline_150__rep13,exp_source,mean,cusum,,348,3,348,True,99.96927221147105,1.0519154195885838,150,1000,23000,none,0,,30013
series4_boundaries,baseline_150,13,series4_boundaries__baseline_150__rep13,exp_source,mean,ewma,,347,6,347,True,99.96927221147105,1.0519154195885838,150,1000,23000,none,0,,30013
series4_boundaries,baseline_150,14,series4_boundaries__baseline_150__rep14,exp_source,mean,shewhart,,157.0,2,157.0,True,99.96237739579595,1.2434324052825982,150,1000,23000,none,0,,30014
series4_boundaries,baseline_150,14,series4_boundaries__baseline_150__rep14,exp_source,mean,cusum,,100.0,2,100.0,True,99.96237739579595,1.2434324052825982,150,1000,23000,none,0,,30014
series4_boundaries,baseline_150,14,series4_boundaries__baseline_150__rep14,exp_source,mean,ewma,,,0,,False,99.96237739579595,1.2434324052825982,150,1000,23000,none,0,,30014
series4_boundaries,baseline_150,15,series4_boundaries__baseline_150__rep15,exp_source,mean,shewhart,,617,1,617,True,99.85857948146634,1.269751226915811,150,1000,23000,none,0,,30015
series4_boundaries,baseline_150,15,series4_boundaries__baseline_150__rep15,exp_source,mean,cusum,,617,1,617,True,99.85857948146634,1.269751226915811,150,1000,23000,none,0,,30015
series4_boundaries,baseline_150,15,series4_boundaries__baseline_150__rep15,exp_source,mean,ewma,,617,1,617,True,99.85857948146634,1.269751226915811,150,1000,23000,none,0,,30015
series4_boundaries,baseline_150,16,series4_boundaries__baseline_150__rep16,exp_source,mean,shewhart,,,0,,False,100.03437432347044,1.1846153702494184,150,1000,23000,none,0,,30016
series4_boundaries,baseline_150,16,series4_boundaries__baseline_150__rep16,exp_source,mean,cusum,,618.0,1,618.0,True,100.03437432347044,1.1846153702494184,150,1000,23000,none,0,,30016
series4_boundaries,baseline_150,16,series4_boundaries__baseline_150__rep16,exp_source,mean,ewma,,,0,,False,100.03437432347044,1.1846153702494184,150,1000,23000,none,0,,30016
series4_boundaries,baseline_150,17,series4_boundaries__baseline_150__rep17,exp_source,mean,shewhart,,,0,,False,99.9698080083814,1.1862373200357204,150,1000,23000,none,0,,30017
series4_boundaries,baseline_150,17,series4_boundaries__baseline_150__rep17,exp_source,mean,cusum,,574.0,3,574.0,True,99.9698080083814,1.1862373200357204,150,1000,23000,none,0,,30017
series4_boundaries,baseline_150,17,series4_boundaries__baseline_150__rep17,exp_source,mean,ewma,,574.0,3,574.0,True,99.9698080083814,1.1862373200357204,150,1000,23000,none,0,,30017
series4_boundaries,baseline_150,18,series4_boundaries__baseline_150__rep18,exp_source,mean,shewhart,,502,1,502,True,99.96441226269836,1.0989098321372517,150,1000,23000,none,0,,30018
series4_boundaries,baseline_150,18,series4_boundaries__baseline_150__rep18,exp_source,mean,cusum,,971,1,971,True,99.96441226269836,1.0989098321372517,150,1000,23000,none,0,,30018
series4_boundaries,baseline_150,18,series4_boundaries__baseline_150__rep18,exp_source,mean,ewma,,971,1,971,True,99.96441226269836,1.0989098321372517,150,1000,23000,none,0,,30018
series4_boundaries,baseline_150,19,series4_boundaries__baseline_150__rep19,exp_source,mean,shewhart,,462.0,4,462.0,True,99.88971367061522,1.1638388555502026,150,1000,23000,none,0,,30019
series4_boundaries,baseline_150,19,series4_boundaries__baseline_150__rep19,exp_source,mean,cusum,,,0,,False,99.88971367061522,1.1638388555502026,150,1000,23000,none,0,,30019
series4_boundaries,baseline_150,19,series4_boundaries__baseline_150__rep19,exp_source,mean,ewma,,,0,,False,99.88971367061522,1.1638388555502026,150,1000,23000,none,0,,30019
series4_boundaries,baseline_150,20,series4_boundaries__baseline_150__rep20,exp_source,mean,shewhart,,195,2,195,True,99.98123642320061,1.1404757461296622,150,1000,23000,none,0,,30020
series4_boundaries,baseline_150,20,series4_boundaries__baseline_150__rep20,exp_source,mean,cusum,,591,1,591,True,99.98123642320061,1.1404757461296622,150,1000,23000,none,0,,30020
series4_boundaries,baseline_150,20,series4_boundaries__baseline_150__rep20,exp_source,mean,ewma,,428,1,428,True,99.98123642320061,1.1404757461296622,150,1000,23000,none,0,,30020
series4_boundaries,baseline_150,21,series4_boundaries__baseline_150__rep21,exp_source,mean,shewhart,,586,3,586,True,100.1444479324223,1.162077969500686,150,1000,23000,none,0,,30021
series4_boundaries,baseline_150,21,series4_boundaries__baseline_150__rep21,exp_source,mean,cusum,,548,3,548,True,100.1444479324223,1.162077969500686,150,1000,23000,none,0,,30021
series4_boundaries,baseline_150,21,series4_boundaries__baseline_150__rep21,exp_source,mean,ewma,,385,3,385,True,100.1444479324223,1.162077969500686,150,1000,23000,none,0,,30021
series4_boundaries,baseline_150,22,series4_boundaries__baseline_150__rep22,exp_source,mean,shewhart,,749,4,749,True,100.04515845731889,1.1136666655364964,150,1000,23000,none,0,,30022
series4_boundaries,baseline_150,22,series4_boundaries__baseline_150__rep22,exp_source,mean,cusum,,59,4,59,True,100.04515845731889,1.1136666655364964,150,1000,23000,none,0,,30022
series4_boundaries,baseline_150,22,series4_boundaries__baseline_150__rep22,exp_source,mean,ewma,,59,2,59,True,100.04515845731889,1.1136666655364964,150,1000,23000,none,0,,30022
series4_boundaries,baseline_150,23,series4_boundaries__baseline_150__rep23,exp_source,mean,shewhart,,75,2,75,True,99.95365811877751,1.1782938786381203,150,1000,23000,none,0,,30023
series4_boundaries,baseline_150,23,series4_boundaries__baseline_150__rep23,exp_source,mean,cusum,,225,2,225,True,99.95365811877751,1.1782938786381203,150,1000,23000,none,0,,30023
series4_boundaries,baseline_150,23,series4_boundaries__baseline_150__rep23,exp_source,mean,ewma,,75,2,75,True,99.95365811877751,1.1782938786381203,150,1000,23000,none,0,,30023
series4_boundaries,baseline_150,24,series4_boundaries__baseline_150__rep24,exp_source,mean,shewhart,,386,1,386,True,99.9748521589653,1.1864476766542773,150,1000,23000,none,0,,30024
series4_boundaries,baseline_150,24,series4_boundaries__baseline_150__rep24,exp_source,mean,cusum,,732,1,732,True,99.9748521589653,1.1864476766542773,150,1000,23000,none,0,,30024
series4_boundaries,baseline_150,24,series4_boundaries__baseline_150__rep24,exp_source,mean,ewma,,728,1,728,True,99.9748521589653,1.1864476766542773,150,1000,23000,none,0,,30024
series4_boundaries,baseline_150,25,series4_boundaries__baseline_150__rep25,exp_source,mean,shewhart,,4,4,4,True,99.8986857951067,1.0938709424116109,150,1000,23000,none,0,,30025
series4_boundaries,baseline_150,25,series4_boundaries__baseline_150__rep25,exp_source,mean,cusum,,6,5,6,True,99.8986857951067,1.0938709424116109,150,1000,23000,none,0,,30025
series4_boundaries,baseline_150,25,series4_boundaries__baseline_150__rep25,exp_source,mean,ewma,,6,8,6,True,99.8986857951067,1.0938709424116109,150,1000,23000,none,0,,30025
series4_boundaries,baseline_150,26,series4_boundaries__baseline_150__rep26,exp_source,mean,shewhart,,372.0,2,372.0,True,100.01373608361672,1.1678764494866551,150,1000,23000,none,0,,30026
series4_boundaries,baseline_150,26,series4_boundaries__baseline_150__rep26,exp_source,mean,cusum,,822.0,1,822.0,True,100.01373608361672,1.1678764494866551,150,1000,23000,none,0,,30026
series4_boundaries,baseline_150,26,series4_boundaries__baseline_150__rep26,exp_source,mean,ewma,,,0,,False,100.01373608361672,1.1678764494866551,150,1000,23000,none,0,,30026
series4_boundaries,baseline_150,27,series4_boundaries__baseline_150__rep27,exp_source,mean,shewhart,,279,3,279,True,100.08735010613145,1.0392415553222578,150,1000,23000,none,0,,30027
series4_boundaries,baseline_150,27,series4_boundaries__baseline_150__rep27,exp_source,mean,cusum,,905,2,905,True,100.08735010613145,1.0392415553222578,150,1000,23000,none,0,,30027
series4_boundaries,baseline_150,27,series4_boundaries__baseline_150__rep27,exp_source,mean,ewma,,780,7,780,True,100.08735010613145,1.0392415553222578,150,1000,23000,none,0,,30027
series4_boundaries,baseline_150,28,series4_boundaries__baseline_150__rep28,exp_source,mean,shewhart,,240.0,2,240.0,True,100.01163174702299,1.0726633566564843,150,1000,23000,none,0,,30028
series4_boundaries,baseline_150,28,series4_boundaries__baseline_150__rep28,exp_source,mean,cusum,,207.0,1,207.0,True,100.01163174702299,1.0726633566564843,150,1000,23000,none,0,,30028
series4_boundaries,baseline_150,28,series4_boundaries__baseline_150__rep28,exp_source,mean,ewma,,,0,,False,100.01163174702299,1.0726633566564843,150,1000,23000,none,0,,30028
series4_boundaries,baseline_150,29,series4_boundaries__baseline_150__rep29,exp_source,mean,shewhart,,593,1,593,True,100.08593557961828,1.1648183693838732,150,1000,23000,none,0,,30029
series4_boundaries,baseline_150,29,series4_boundaries__baseline_150__rep29,exp_source,mean,cusum,,349,3,349,True,100.08593557961828,1.1648183693838732,150,1000,23000,none,0,,30029
series4_boundaries,baseline_150,29,series4_boundaries__baseline_150__rep29,exp_source,mean,ewma,,348,4,348,True,100.08593557961828,1.1648183693838732,150,1000,23000,none,0,,30029
series4_boundaries,baseline_150,30,series4_boundaries__baseline_150__rep30,exp_source,mean,shewhart,,106,3,106,True,99.91726804913681,1.1907040017641464,150,1000,23000,none,0,,30030
series4_boundaries,baseline_150,30,series4_boundaries__baseline_150__rep30,exp_source,mean,cusum,,19,4,19,True,99.91726804913681,1.1907040017641464,150,1000,23000,none,0,,30030
series4_boundaries,baseline_150,30,series4_boundaries__baseline_150__rep30,exp_source,mean,ewma,,19,7,19,True,99.91726804913681,1.1907040017641464,150,1000,23000,none,0,,30030
series4_boundaries,baseline_150,31,series4_boundaries__baseline_150__rep31,exp_source,mean,shewhart,,,0,,False,99.80324450290831,1.1010487861986185,150,1000,23000,none,0,,30031
series4_boundaries,baseline_150,31,series4_boundaries__baseline_150__rep31,exp_source,mean,cusum,,95.0,6,95.0,True,99.80324450290831,1.1010487861986185,150,1000,23000,none,0,,30031
series4_boundaries,baseline_150,31,series4_boundaries__baseline_150__rep31,exp_source,mean,ewma,,403.0,9,403.0,True,99.80324450290831,1.1010487861986185,150,1000,23000,none,0,,30031
series4_boundaries,baseline_150,32,series4_boundaries__baseline_150__rep32,exp_source,mean,shewhart,,263,9,263,True,99.98318126070721,1.042755592540294,150,1000,23000,none,0,,30032
series4_boundaries,baseline_150,32,series4_boundaries__baseline_150__rep32,exp_source,mean,cusum,,161,7,161,True,99.98318126070721,1.042755592540294,150,1000,23000,none,0,,30032
series4_boundaries,baseline_150,32,series4_boundaries__baseline_150__rep32,exp_source,mean,ewma,,160,5,160,True,99.98318126070721,1.042755592540294,150,1000,23000,none,0,,30032
series4_boundaries,baseline_150,33,series4_boundaries__baseline_150__rep33,exp_source,mean,shewhart,,232,2,232,True,100.04790474744847,1.085256763220769,150,1000,23000,none,0,,30033
series4_boundaries,baseline_150,33,series4_boundaries__baseline_150__rep33,exp_source,mean,cusum,,372,4,372,True,100.04790474744847,1.085256763220769,150,1000,23000,none,0,,30033
series4_boundaries,baseline_150,33,series4_boundaries__baseline_150__rep33,exp_source,mean,ewma,,371,7,371,True,100.04790474744847,1.085256763220769,150,1000,23000,none,0,,30033
series4_boundaries,baseline_150,34,series4_boundaries__baseline_150__rep34,exp_source,mean,shewhart,,7,5,7,True,99.99285137497971,1.1047669143687013,150,1000,23000,none,0,,30034
series4_boundaries,baseline_150,34,series4_boundaries__baseline_150__rep34,exp_source,mean,cusum,,443,2,443,True,99.99285137497971,1.1047669143687013,150,1000,23000,none,0,,30034
series4_boundaries,baseline_150,34,series4_boundaries__baseline_150__rep34,exp_source,mean,ewma,,441,4,441,True,99.99285137497971,1.1047669143687013,150,1000,23000,none,0,,30034
series4_boundaries,baseline_150,35,series4_boundaries__baseline_150__rep35,exp_source,mean,shewhart,,219.0,2,219.0,True,100.03573287120075,1.2577327458066634,150,1000,23000,none,0,,30035
series4_boundaries,baseline_150,35,series4_boundaries__baseline_150__rep35,exp_source,mean,cusum,,,0,,False,100.03573287120075,1.2577327458066634,150,1000,23000,none,0,,30035
series4_boundaries,baseline_150,35,series4_boundaries__baseline_150__rep35,exp_source,mean,ewma,,,0,,False,100.03573287120075,1.2577327458066634,150,1000,23000,none,0,,30035
series4_boundaries,baseline_150,36,series4_boundaries__baseline_150__rep36,exp_source,mean,shewhart,,98,7,98,True,100.07441895787267,1.020534845971736,150,1000,23000,none,0,,30036
series4_boundaries,baseline_150,36,series4_boundaries__baseline_150__rep36,exp_source,mean,cusum,,98,3,98,True,100.07441895787267,1.020534845971736,150,1000,23000,none,0,,30036
series4_boundaries,baseline_150,36,series4_boundaries__baseline_150__rep36,exp_source,mean,ewma,,98,6,98,True,100.07441895787267,1.020534845971736,150,1000,23000,none,0,,30036
series4_boundaries,baseline_150,37,series4_boundaries__baseline_150__rep37,exp_source,mean,shewhart,,54,4,54,True,100.22298588525632,1.0867203003275026,150,1000,23000,none,0,,30037
series4_boundaries,baseline_150,37,series4_boundaries__baseline_150__rep37,exp_source,mean,cusum,,42,7,42,True,100.22298588525632,1.0867203003275026,150,1000,23000,none,0,,30037
series4_boundaries,baseline_150,37,series4_boundaries__baseline_150__rep37,exp_source,mean,ewma,,41,13,41,True,100.22298588525632,1.0867203003275026,150,1000,23000,none,0,,30037
series4_boundaries,baseline_150,38,series4_boundaries__baseline_150__rep38,exp_source,mean,shewhart,,307,3,307,True,99.91391440384844,1.1332195455489962,150,1000,23000,none,0,,30038
series4_boundaries,baseline_150,38,series4_boundaries__baseline_150__rep38,exp_source,mean,cusum,,48,5,48,True,99.91391440384844,1.1332195455489962,150,1000,23000,none,0,,30038
series4_boundaries,baseline_150,38,series4_boundaries__baseline_150__rep38,exp_source,mean,ewma,,54,7,54,True,99.91391440384844,1.1332195455489962,150,1000,23000,none,0,,30038
series4_boundaries,baseline_150,39,series4_boundaries__baseline_150__rep39,exp_source,mean,shewhart,,252,2,252,True,99.92380084415777,1.1689129182266509,150,1000,23000,none,0,,30039
series4_boundaries,baseline_150,39,series4_boundaries__baseline_150__rep39,exp_source,mean,cusum,,931,1,931,True,99.92380084415777,1.1689129182266509,150,1000,23000,none,0,,30039
series4_boundaries,baseline_150,39,series4_boundaries__baseline_150__rep39,exp_source,mean,ewma,,931,3,931,True,99.92380084415777,1.1689129182266509,150,1000,23000,none,0,,30039
series4_boundaries,baseline_150,40,series4_boundaries__baseline_150__rep40,exp_source,mean,shewhart,,571.0,1,571.0,True,99.93395554353515,1.2352734906175953,150,1000,23000,none,0,,30040
series4_boundaries,baseline_150,40,series4_boundaries__baseline_150__rep40,exp_source,mean,cusum,,,0,,False,99.93395554353515,1.2352734906175953,150,1000,23000,none,0,,30040
series4_boundaries,baseline_150,40,series4_boundaries__baseline_150__rep40,exp_source,mean,ewma,,,0,,False,99.93395554353515,1.2352734906175953,150,1000,23000,none,0,,30040
series4_boundaries,baseline_150,41,series4_boundaries__baseline_150__rep41,exp_source,mean,shewhart,,19,4,19,True,99.93610286819225,1.0374327915427013,150,1000,23000,none,0,,30041
series4_boundaries,baseline_150,41,series4_boundaries__baseline_150__rep41,exp_source,mean,cusum,,19,5,19,True,99.93610286819225,1.0374327915427013,150,1000,23000,none,0,,30041
series4_boundaries,baseline_150,41,series4_boundaries__baseline_150__rep41,exp_source,mean,ewma,,19,7,19,True,99.93610286819225,1.0374327915427013,150,1000,23000,none,0,,30041
series4_boundaries,baseline_150,42,series4_boundaries__baseline_150__rep42,exp_source,mean,shewhart,,18,3,18,True,99.90686940312362,1.1551781963430061,150,1000,23000,none,0,,30042
series4_boundaries,baseline_150,42,series4_boundaries__baseline_150__rep42,exp_source,mean,cusum,,19,2,19,True,99.90686940312362,1.1551781963430061,150,1000,23000,none,0,,30042
series4_boundaries,baseline_150,42,series4_boundaries__baseline_150__rep42,exp_source,mean,ewma,,19,1,19,True,99.90686940312362,1.1551781963430061,150,1000,23000,none,0,,30042
series4_boundaries,baseline_150,43,series4_boundaries__baseline_150__rep43,exp_source,mean,shewhart,,262,13,262,True,99.93924797573305,0.9771580440010125,150,1000,23000,none,0,,30043
series4_boundaries,baseline_150,43,series4_boundaries__baseline_150__rep43,exp_source,mean,cusum,,96,5,96,True,99.93924797573305,0.9771580440010125,150,1000,23000,none,0,,30043
series4_boundaries,baseline_150,43,series4_boundaries__baseline_150__rep43,exp_source,mean,ewma,,90,5,90,True,99.93924797573305,0.9771580440010125,150,1000,23000,none,0,,30043
series4_boundaries,baseline_150,44,series4_boundaries__baseline_150__rep44,exp_source,mean,shewhart,,149,3,149,True,100.0029173491988,1.1499565522822528,150,1000,23000,none,0,,30044
series4_boundaries,baseline_150,44,series4_boundaries__baseline_150__rep44,exp_source,mean,cusum,,149,3,149,True,100.0029173491988,1.1499565522822528,150,1000,23000,none,0,,30044
series4_boundaries,baseline_150,44,series4_boundaries__baseline_150__rep44,exp_source,mean,ewma,,149,4,149,True,100.0029173491988,1.1499565522822528,150,1000,23000,none,0,,30044
series4_boundaries,baseline_150,45,series4_boundaries__baseline_150__rep45,exp_source,mean,shewhart,,,0,,False,99.8892937748784,1.120640856330471,150,1000,23000,none,0,,30045
series4_boundaries,baseline_150,45,series4_boundaries__baseline_150__rep45,exp_source,mean,cusum,,645.0,1,645.0,True,99.8892937748784,1.120640856330471,150,1000,23000,none,0,,30045
series4_boundaries,baseline_150,45,series4_boundaries__baseline_150__rep45,exp_source,mean,ewma,,644.0,4,644.0,True,99.8892937748784,1.120640856330471,150,1000,23000,none,0,,30045
series4_boundaries,baseline_150,46,series4_boundaries__baseline_150__rep46,exp_source,mean,shewhart,,77,4,77,True,99.95230245998452,1.1334255215070725,150,1000,23000,none,0,,30046
series4_boundaries,baseline_150,46,series4_boundaries__baseline_150__rep46,exp_source,mean,cusum,,79,5,79,True,99.95230245998452,1.1334255215070725,150,1000,23000,none,0,,30046
series4_boundaries,baseline_150,46,series4_boundaries__baseline_150__rep46,exp_source,mean,ewma,,77,7,77,True,99.95230245998452,1.1334255215070725,150,1000,23000,none,0,,30046
series4_boundaries,baseline_150,47,series4_boundaries__baseline_150__rep47,exp_source,mean,shewhart,,23,6,23,True,100.03621322073555,1.058907649631826,150,1000,23000,none,0,,30047
series4_boundaries,baseline_150,47,series4_boundaries__baseline_150__rep47,exp_source,mean,cusum,,41,4,41,True,100.03621322073555,1.058907649631826,150,1000,23000,none,0,,30047
series4_boundaries,baseline_150,47,series4_boundaries__baseline_150__rep47,exp_source,mean,ewma,,41,6,41,True,100.03621322073555,1.058907649631826,150,1000,23000,none,0,,30047
series4_boundaries,baseline_150,48,series4_boundaries__baseline_150__rep48,exp_source,mean,shewhart,,87,6,87,True,100.00776243126404,1.1443168549663876,150,1000,23000,none,0,,30048
series4_boundaries,baseline_150,48,series4_boundaries__baseline_150__rep48,exp_source,mean,cusum,,275,3,275,True,100.00776243126404,1.1443168549663876,150,1000,23000,none,0,,30048
series4_boundaries,baseline_150,48,series4_boundaries__baseline_150__rep48,exp_source,mean,ewma,,275,4,275,True,100.00776243126404,1.1443168549663876,150,1000,23000,none,0,,30048
series4_boundaries,baseline_150,49,series4_boundaries__baseline_150__rep49,exp_source,mean,shewhart,,,0,,False,100.02404318553648,1.1979393008974017,150,1000,23000,none,0,,30049
series4_boundaries,baseline_150,49,series4_boundaries__baseline_150__rep49,exp_source,mean,cusum,,599.0,1,599.0,True,100.02404318553648,1.1979393008974017,150,1000,23000,none,0,,30049
series4_boundaries,baseline_150,49,series4_boundaries__baseline_150__rep49,exp_source,mean,ewma,,,0,,False,100.02404318553648,1.1979393008974017,150,1000,23000,none,0,,30049
series4_boundaries,baseline_150,50,series4_boundaries__baseline_150__rep50,exp_source,mean,shewhart,,496.0,2,496.0,True,99.89218821622832,1.1407620666854852,150,1000,23000,none,0,,30050
series4_boundaries,baseline_150,50,series4_boundaries__baseline_150__rep50,exp_source,mean,cusum,,,0,,False,99.89218821622832,1.1407620666854852,150,1000,23000,none,0,,30050
series4_boundaries,baseline_150,50,series4_boundaries__baseline_150__rep50,exp_source,mean,ewma,,,0,,False,99.89218821622832,1.1407620666854852,150,1000,23000,none,0,,30050
series4_boundaries,baseline_200,1,series4_boundaries__baseline_200__rep01,exp_source,mean,shewhart,,945,1,945,True,99.87504091560339,1.2122382575957764,200,1000,24000,none,0,,40001
series4_boundaries,baseline_200,1,series4_boundaries__baseline_200__rep01,exp_source,mean,cusum,,231,2,231,True,99.87504091560339,1.2122382575957764,200,1000,24000,none,0,,40001
series4_boundaries,baseline_200,1,series4_boundaries__baseline_200__rep01,exp_source,mean,ewma,,7,4,7,True,99.87504091560339,1.2122382575957764,200,1000,24000,none,0,,40001
series4_boundaries,baseline_200,2,series4_boundaries__baseline_200__rep02,exp_source,mean,shewhart,,245,8,245,True,99.98319071732337,1.0095526069177763,200,1000,24000,none,0,,40002
series4_boundaries,baseline_200,2,series4_boundaries__baseline_200__rep02,exp_source,mean,cusum,,667,1,667,True,99.98319071732337,1.0095526069177763,200,1000,24000,none,0,,40002
series4_boundaries,baseline_200,2,series4_boundaries__baseline_200__rep02,exp_source,mean,ewma,,667,2,667,True,99.98319071732337,1.0095526069177763,200,1000,24000,none,0,,40002
series4_boundaries,baseline_200,3,series4_boundaries__baseline_200__rep03,exp_source,mean,shewhart,,595,3,595,True,99.93409416477627,1.097257651586157,200,1000,24000,none,0,,40003
series4_boundaries,baseline_200,3,series4_boundaries__baseline_200__rep03,exp_source,mean,cusum,,68,5,68,True,99.93409416477627,1.097257651586157,200,1000,24000,none,0,,40003
series4_boundaries,baseline_200,3,series4_boundaries__baseline_200__rep03,exp_source,mean,ewma,,68,10,68,True,99.93409416477627,1.097257651586157,200,1000,24000,none,0,,40003
series4_boundaries,baseline_200,4,series4_boundaries__baseline_200__rep04,exp_source,mean,shewhart,,266,2,266,True,100.12401681940162,1.1055674337083146,200,1000,24000,none,0,,40004
series4_boundaries,baseline_200,4,series4_boundaries__baseline_200__rep04,exp_source,mean,cusum,,255,4,255,True,100.12401681940162,1.1055674337083146,200,1000,24000,none,0,,40004
series4_boundaries,baseline_200,4,series4_boundaries__baseline_200__rep04,exp_source,mean,ewma,,255,7,255,True,100.12401681940162,1.1055674337083146,200,1000,24000,none,0,,40004
series4_boundaries,baseline_200,5,series4_boundaries__baseline_200__rep05,exp_source,mean,shewhart,,3,6,3,True,99.95276451597925,1.0991219850871037,200,1000,24000,none,0,,40005
series4_boundaries,baseline_200,5,series4_boundaries__baseline_200__rep05,exp_source,mean,cusum,,262,4,262,True,99.95276451597925,1.0991219850871037,200,1000,24000,none,0,,40005
series4_boundaries,baseline_200,5,series4_boundaries__baseline_200__rep05,exp_source,mean,ewma,,262,3,262,True,99.95276451597925,1.0991219850871037,200,1000,24000,none,0,,40005
series4_boundaries,baseline_200,6,series4_boundaries__baseline_200__rep06,exp_source,mean,shewhart,,383,4,383,True,100.1225721233257,1.1061928026788619,200,1000,24000,none,0,,40006
series4_boundaries,baseline_200,6,series4_boundaries__baseline_200__rep06,exp_source,mean,cusum,,170,6,170,True,100.1225721233257,1.1061928026788619,200,1000,24000,none,0,,40006
series4_boundaries,baseline_200,6,series4_boundaries__baseline_200__rep06,exp_source,mean,ewma,,169,7,169,True,100.1225721233257,1.1061928026788619,200,1000,24000,none,0,,40006
series4_boundaries,baseline_200,7,series4_boundaries__baseline_200__rep07,exp_source,mean,shewhart,,,0,,False,99.93513897648315,1.139914370845193,200,1000,24000,none,0,,40007
series4_boundaries,baseline_200,7,series4_boundaries__baseline_200__rep07,exp_source,mean,cusum,,,0,,False,99.93513897648315,1.139914370845193,200,1000,24000,none,0,,40007
series4_boundaries,baseline_200,7,series4_boundaries__baseline_200__rep07,exp_source,mean,ewma,,,0,,False,99.93513897648315,1.139914370845193,200,1000,24000,none,0,,40007
series4_boundaries,baseline_200,8,series4_boundaries__baseline_200__rep08,exp_source,mean,shewhart,,329,4,329,True,100.00979695798125,1.0996142745736113,200,1000,24000,none,0,,40008
series4_boundaries,baseline_200,8,series4_boundaries__baseline_200__rep08,exp_source,mean,cusum,,840,1,840,True,100.00979695798125,1.0996142745736113,200,1000,24000,none,0,,40008
series4_boundaries,baseline_200,8,series4_boundaries__baseline_200__rep08,exp_source,mean,ewma,,840,2,840,True,100.00979695798125,1.0996142745736113,200,1000,24000,none,0,,40008
series4_boundaries,baseline_200,9,series4_boundaries__baseline_200__rep09,exp_source,mean,shewhart,,234,3,234,True,99.95077620791079,1.0662480229598896,200,1000,24000,none,0,,40009
series4_boundaries,baseline_200,9,series4_boundaries__baseline_200__rep09,exp_source,mean,cusum,,389,2,389,True,99.95077620791079,1.0662480229598896,200,1000,24000,none,0,,40009
series4_boundaries,baseline_200,9,series4_boundaries__baseline_200__rep09,exp_source,mean,ewma,,483,2,483,True,99.95077620791079,1.0662480229598896,200,1000,24000,none,0,,40009
series4_boundaries,baseline_200,10,series4_boundaries__baseline_200__rep10,exp_source,mean,shewhart,,155,1,155,True,100.02619793850543,1.1929348101746728,200,1000,24000,none,0,,40010
series4_boundaries,baseline_200,10,series4_boundaries__baseline_200__rep10,exp_source,mean,cusum,,879,2,879,True,100.02619793850543,1.1929348101746728,200,1000,24000,none,0,,40010
series4_boundaries,baseline_200,10,series4_boundaries__baseline_200__rep10,exp_source,mean,ewma,,880,1,880,True,100.02619793850543,1.1929348101746728,200,1000,24000,none,0,,40010
series4_boundaries,baseline_200,11,series4_boundaries__baseline_200__rep11,exp_source,mean,shewhart,,154,7,154,True,100.03154851248686,1.030278758275836,200,1000,24000,none,0,,40011
series4_boundaries,baseline_200,11,series4_boundaries__baseline_200__rep11,exp_source,mean,cusum,,12,9,12,True,100.03154851248686,1.030278758275836,200,1000,24000,none,0,,40011
series4_boundaries,baseline_200,11,series4_boundaries__baseline_200__rep11,exp_source,mean,ewma,,12,6,12,True,100.03154851248686,1.030278758275836,200,1000,24000,none,0,,40011
series4_boundaries,baseline_200,12,series4_boundaries__baseline_200__rep12,exp_source,mean,shewhart,,68,3,68,True,100.16195787831471,1.1319634483370296,200,1000,24000,none,0,,40012
series4_boundaries,baseline_200,12,series4_boundaries__baseline_200__rep12,exp_source,mean,cusum,,371,2,371,True,100.16195787831471,1.1319634483370296,200,1000,24000,none,0,,40012
series4_boundaries,baseline_200,12,series4_boundaries__baseline_200__rep12,exp_source,mean,ewma,,304,7,304,True,100.16195787831471,1.1319634483370296,200,1000,24000,none,0,,40012
series4_boundaries,baseline_200,13,series4_boundaries__baseline_200__rep13,exp_source,mean,shewhart,,144.0,2,144.0,True,100.04581942355514,1.1088010793024448,200,1000,24000,none,0,,40013
series4_boundaries,baseline_200,13,series4_boundaries__baseline_200__rep13,exp_source,mean,cusum,,,0,,False,100.04581942355514,1.1088010793024448,200,1000,24000,none,0,,40013
series4_boundaries,baseline_200,13,series4_boundaries__baseline_200__rep13,exp_source,mean,ewma,,144.0,3,144.0,True,100.04581942355514,1.1088010793024448,200,1000,24000,none,0,,40013
series4_boundaries,baseline_200,14,series4_boundaries__baseline_200__rep14,exp_source,mean,shewhart,,212,3,212,True,100.09524425761768,1.1365897366767361,200,1000,24000,none,0,,40014
series4_boundaries,baseline_200,14,series4_boundaries__baseline_200__rep14,exp_source,mean,cusum,,639,1,639,True,100.09524425761768,1.1365897366767361,200,1000,24000,none,0,,40014
series4_boundaries,baseline_200,14,series4_boundaries__baseline_200__rep14,exp_source,mean,ewma,,17,2,17,True,100.09524425761768,1.1365897366767361,200,1000,24000,none,0,,40014
series4_boundaries,baseline_200,15,series4_boundaries__baseline_200__rep15,exp_source,mean,shewhart,,840,1,840,True,99.90997626974163,1.1215564000423492,200,1000,24000,none,0,,40015
series4_boundaries,baseline_200,15,series4_boundaries__baseline_200__rep15,exp_source,mean,cusum,,56,2,56,True,99.90997626974163,1.1215564000423492,200,1000,24000,none,0,,40015
series4_boundaries,baseline_200,15,series4_boundaries__baseline_200__rep15,exp_source,mean,ewma,,843,2,843,True,99.90997626974163,1.1215564000423492,200,1000,24000,none,0,,40015
series4_boundaries,baseline_200,16,series4_boundaries__baseline_200__rep16,exp_source,mean,shewhart,,13,7,13,True,100.00842817383379,1.008604505991849,200,1000,24000,none,0,,40016
series4_boundaries,baseline_200,16,series4_boundaries__baseline_200__rep16,exp_source,mean,cusum,,618,4,618,True,100.00842817383379,1.008604505991849,200,1000,24000,none,0,,40016
series4_boundaries,baseline_200,16,series4_boundaries__baseline_200__rep16,exp_source,mean,ewma,,236,4,236,True,100.00842817383379,1.008604505991849,200,1000,24000,none,0,,40016
series4_boundaries,baseline_200,17,series4_boundaries__baseline_200__rep17,exp_source,mean,shewhart,,8,4,8,True,100.01817080395591,1.0466081399958969,200,1000,24000,none,0,,40017
series4_boundaries,baseline_200,17,series4_boundaries__baseline_200__rep17,exp_source,mean,cusum,,430,4,430,True,100.01817080395591,1.0466081399958969,200,1000,24000,none,0,,40017
series4_boundaries,baseline_200,17,series4_boundaries__baseline_200__rep17,exp_source,mean,ewma,,430,3,430,True,100.01817080395591,1.0466081399958969,200,1000,24000,none,0,,40017
series4_boundaries,baseline_200,18,series4_boundaries__baseline_200__rep18,exp_source,mean,shewhart,,572,1,572,True,100.05774653013903,1.2324577035417714,200,1000,24000,none,0,,40018
series4_boundaries,baseline_200,18,series4_boundaries__baseline_200__rep18,exp_source,mean,cusum,,574,4,574,True,100.05774653013903,1.2324577035417714,200,1000,24000,none,0,,40018
series4_boundaries,baseline_200,18,series4_boundaries__baseline_200__rep18,exp_source,mean,ewma,,574,3,574,True,100.05774653013903,1.2324577035417714,200,1000,24000,none,0,,40018
series4_boundaries,baseline_200,19,series4_boundaries__baseline_200__rep19,exp_source,mean,shewhart,,43,5,43,True,99.89526061993097,1.0985972656999006,200,1000,24000,none,0,,40019
series4_boundaries,baseline_200,19,series4_boundaries__baseline_200__rep19,exp_source,mean,cusum,,297,5,297,True,99.89526061993097,1.0985972656999006,200,1000,24000,none,0,,40019
series4_boundaries,baseline_200,19,series4_boundaries__baseline_200__rep19,exp_source,mean,ewma,,297,7,297,True,99.89526061993097,1.0985972656999006,200,1000,24000,none,0,,40019
series4_boundaries,baseline_200,20,series4_boundaries__baseline_200__rep20,exp_source,mean,shewhart,,89,3,89,True,100.05695367853201,1.1230458902263372,200,1000,24000,none,0,,40020
series4_boundaries,baseline_200,20,series4_boundaries__baseline_200__rep20,exp_source,mean,cusum,,142,3,142,True,100.05695367853201,1.1230458902263372,200,1000,24000,none,0,,40020
series4_boundaries,baseline_200,20,series4_boundaries__baseline_200__rep20,exp_source,mean,ewma,,89,6,89,True,100.05695367853201,1.1230458902263372,200,1000,24000,none,0,,40020
series4_boundaries,baseline_200,21,series4_boundaries__baseline_200__rep21,exp_source,mean,shewhart,,78,2,78,True,100.01106861733713,1.2135100856132823,200,1000,24000,none,0,,40021
series4_boundaries,baseline_200,21,series4_boundaries__baseline_200__rep21,exp_source,mean,cusum,,260,2,260,True,100.01106861733713,1.2135100856132823,200,1000,24000,none,0,,40021
series4_boundaries,baseline_200,21,series4_boundaries__baseline_200__rep21,exp_source,mean,ewma,,261,3,261,True,100.01106861733713,1.2135100856132823,200,1000,24000,none,0,,40021
series4_boundaries,baseline_200,22,series4_boundaries__baseline_200__rep22,exp_source,mean,shewhart,,65,7,65,True,100.02787636109998,1.0322289723984368,200,1000,24000,none,0,,40022
series4_boundaries,baseline_200,22,series4_boundaries__baseline_200__rep22,exp_source,mean,cusum,,280,6,280,True,100.02787636109998,1.0322289723984368,200,1000,24000,none,0,,40022
series4_boundaries,baseline_200,22,series4_boundaries__baseline_200__rep22,exp_source,mean,ewma,,154,6,154,True,100.02787636109998,1.0322289723984368,200,1000,24000,none,0,,40022
series4_boundaries,baseline_200,23,series4_boundaries__baseline_200__rep23,exp_source,mean,shewhart,,47,3,47,True,99.87199511347565,1.091150316955,200,1000,24000,none,0,,40023
series4_boundaries,baseline_200,23,series4_boundaries__baseline_200__rep23,exp_source,mean,cusum,,49,7,49,True,99.87199511347565,1.091150316955,200,1000,24000,none,0,,40023
series4_boundaries,baseline_200,23,series4_boundaries__baseline_200__rep23,exp_source,mean,ewma,,49,7,49,True,99.87199511347565,1.091150316955,200,1000,24000,none,0,,40023
series4_boundaries,baseline_200,24,series4_boundaries__baseline_200__rep24,exp_source,mean,shewhart,,194,5,194,True,99.87444921863907,1.0819015973662631,200,1000,24000,none,0,,40024
series4_boundaries,baseline_200,24,series4_boundaries__baseline_200__rep24,exp_source,mean,cusum,,327,3,327,True,99.87444921863907,1.0819015973662631,200,1000,24000,none,0,,40024
series4_boundaries,baseline_200,24,series4_boundaries__baseline_200__rep24,exp_source,mean,ewma,,328,3,328,True,99.87444921863907,1.0819015973662631,200,1000,24000,none,0,,40024
series4_boundaries,baseline_200,25,series4_boundaries__baseline_200__rep25,exp_source,mean,shewhart,,214.0,3,214.0,True,99.9806616815249,1.2271094394356044,200,1000,24000,none,0,,40025
series4_boundaries,baseline_200,25,series4_boundaries__baseline_200__rep25,exp_source,mean,cusum,,,0,,False,99.9806616815249,1.2271094394356044,200,1000,24000,none,0,,40025
series4_boundaries,baseline_200,25,series4_boundaries__baseline_200__rep25,exp_source,mean,ewma,,,0,,False,99.9806616815249,1.2271094394356044,200,1000,24000,none,0,,40025
series4_boundaries,baseline_200,26,series4_boundaries__baseline_200__rep26,exp_source,mean,shewhart,,103,7,103,True,100.01476185109067,1.10483644586568,200,1000,24000,none,0,,40026
series4_boundaries,baseline_200,26,series4_boundaries__baseline_200__rep26,exp_source,mean,cusum,,640,4,640,True,100.01476185109067,1.10483644586568,200,1000,24000,none,0,,40026
series4_boundaries,baseline_200,26,series4_boundaries__baseline_200__rep26,exp_source,mean,ewma,,640,3,640,True,100.01476185109067,1.10483644586568,200,1000,24000,none,0,,40026
series4_boundaries,baseline_200,27,series4_boundaries__baseline_200__rep27,exp_source,mean,shewhart,,272,4,272,True,100.03294415995877,1.1277020545096859,200,1000,24000,none,0,,40027
series4_boundaries,baseline_200,27,series4_boundaries__baseline_200__rep27,exp_source,mean,cusum,,272,1,272,True,100.03294415995877,1.1277020545096859,200,1000,24000,none,0,,40027
series4_boundaries,baseline_200,27,series4_boundaries__baseline_200__rep27,exp_source,mean,ewma,,272,3,272,True,100.03294415995877,1.1277020545096859,200,1000,24000,none,0,,40027
series4_boundaries,baseline_200,28,series4_boundaries__baseline_200__rep28,exp_source,mean,shewhart,,97,3,97,True,99.91345485674924,1.1121108905109276,200,1000,24000,none,0,,40028
series4_boundaries,baseline_200,28,series4_boundaries__baseline_200__rep28,exp_source,mean,cusum,,168,3,168,True,99.91345485674924,1.1121108905109276,200,1000,24000,none,0,,40028
series4_boundaries,baseline_200,28,series4_boundaries__baseline_200__rep28,exp_source,mean,ewma,,682,3,682,True,99.91345485674924,1.1121108905109276,200,1000,24000,none,0,,40028
series4_boundaries,baseline_200,29,series4_boundaries__baseline_200__rep29,exp_source,mean,shewhart,,163,3,163,True,99.9800215534921,1.1412160494945434,200,1000,24000,none,0,,40029
series4_boundaries,baseline_200,29,series4_boundaries__baseline_200__rep29,exp_source,mean,cusum,,166,2,166,True,99.9800215534921,1.1412160494945434,200,1000,24000,none,0,,40029
series4_boundaries,baseline_200,29,series4_boundaries__baseline_200__rep29,exp_source,mean,ewma,,163,4,163,True,99.9800215534921,1.1412160494945434,200,1000,24000,none,0,,40029
series4_boundaries,baseline_200,30,series4_boundaries__baseline_200__rep30,exp_source,mean,shewhart,,82,3,82,True,100.10781991452458,1.0567654023910267,200,1000,24000,none,0,,40030
series4_boundaries,baseline_200,30,series4_boundaries__baseline_200__rep30,exp_source,mean,cusum,,166,5,166,True,100.10781991452458,1.0567654023910267,200,1000,24000,none,0,,40030
series4_boundaries,baseline_200,30,series4_boundaries__baseline_200__rep30,exp_source,mean,ewma,,60,8,60,True,100.10781991452458,1.0567654023910267,200,1000,24000,none,0,,40030
series4_boundaries,baseline_200,31,series4_boundaries__baseline_200__rep31,exp_source,mean,shewhart,,833,2,833,True,100.12622571673553,1.1707890168015957,200,1000,24000,none,0,,40031
series4_boundaries,baseline_200,31,series4_boundaries__baseline_200__rep31,exp_source,mean,cusum,,703,4,703,True,100.12622571673553,1.1707890168015957,200,1000,24000,none,0,,40031
series4_boundaries,baseline_200,31,series4_boundaries__baseline_200__rep31,exp_source,mean,ewma,,557,4,557,True,100.12622571673553,1.1707890168015957,200,1000,24000,none,0,,40031
series4_boundaries,baseline_200,32,series4_boundaries__baseline_200__rep32,exp_source,mean,shewhart,,883.0,4,883.0,True,100.00781316820033,1.1578688530949897,200,1000,24000,none,0,,40032
series4_boundaries,baseline_200,32,series4_boundaries__baseline_200__rep32,exp_source,mean,cusum,,849.0,1,849.0,True,100.00781316820033,1.1578688530949897,200,1000,24000,none,0,,40032
series4_boundaries,baseline_200,32,series4_boundaries__baseline_200__rep32,exp_source,mean,ewma,,,0,,False,100.00781316820033,1.1578688530949897,200,1000,24000,none,0,,40032
series4_boundaries,baseline_200,33,series4_boundaries__baseline_200__rep33,exp_source,mean,shewhart,,549,1,549,True,100.07234739866205,1.184310774616445,200,1000,24000,none,0,,40033
series4_boundaries,baseline_200,33,series4_boundaries__baseline_200__rep33,exp_source,mean,cusum,,226,1,226,True,100.07234739866205,1.184310774616445,200,1000,24000,none,0,,40033
series4_boundaries,baseline_200,33,series4_boundaries__baseline_200__rep33,exp_source,mean,ewma,,226,3,226,True,100.07234739866205,1.184310774616445,200,1000,24000,none,0,,40033
series4_boundaries,baseline_200,34,series4_boundaries__baseline_200__rep34,exp_source,mean,shewhart,,287,1,287,True,100.03394646312553,1.0701780906664193,200,1000,24000,none,0,,40034
series4_boundaries,baseline_200,34,series4_boundaries__baseline_200__rep34,exp_source,mean,cusum,,429,5,429,True,100.03394646312553,1.0701780906664193,200,1000,24000,none,0,,40034
series4_boundaries,baseline_200,34,series4_boundaries__baseline_200__rep34,exp_source,mean,ewma,,287,6,287,True,100.03394646312553,1.0701780906664193,200,1000,24000,none,0,,40034
series4_boundaries,baseline_200,35,series4_boundaries__baseline_200__rep35,exp_source,mean,shewhart,,115,5,115,True,99.96875784141172,1.0745242922138136,200,1000,24000,none,0,,40035
series4_boundaries,baseline_200,35,series4_boundaries__baseline_200__rep35,exp_source,mean,cusum,,115,2,115,True,99.96875784141172,1.0745242922138136,200,1000,24000,none,0,,40035
series4_boundaries,baseline_200,35,series4_boundaries__baseline_200__rep35,exp_source,mean,ewma,,115,4,115,True,99.96875784141172,1.0745242922138136,200,1000,24000,none,0,,40035
series4_boundaries,baseline_200,36,series4_boundaries__baseline_200__rep36,exp_source,mean,shewhart,,5,2,5,True,100.08068306197669,1.090752582216238,200,1000,24000,none,0,,40036
series4_boundaries,baseline_200,36,series4_boundaries__baseline_200__rep36,exp_source,mean,cusum,,61,5,61,True,100.08068306197669,1.090752582216238,200,1000,24000,none,0,,40036
series4_boundaries,baseline_200,36,series4_boundaries__baseline_200__rep36,exp_source,mean,ewma,,101,4,101,True,100.08068306197669,1.090752582216238,200,1000,24000,none,0,,40036
series4_boundaries,baseline_200,37,series4_boundaries__baseline_200__rep37,exp_source,mean,shewhart,,166,2,166,True,100.0137574509742,1.1913211757481932,200,1000,24000,none,0,,40037
series4_boundaries,baseline_200,37,series4_boundaries__baseline_200__rep37,exp_source,mean,cusum,,166,3,166,True,100.0137574509742,1.1913211757481932,200,1000,24000,none,0,,40037
series4_boundaries,baseline_200,37,series4_boundaries__baseline_200__rep37,exp_source,mean,ewma,,163,6,163,True,100.0137574509742,1.1913211757481932,200,1000,24000,none,0,,40037
series4_boundaries,baseline_200,38,series4_boundaries__baseline_200__rep38,exp_source,mean,shewhart,,766,2,766,True,100.00083349080522,1.1001106006905699,200,1000,24000,none,0,,40038
series4_boundaries,baseline_200,38,series4_boundaries__baseline_200__rep38,exp_source,mean,cusum,,227,1,227,True,100.00083349080522,1.1001106006905699,200,1000,24000,none,0,,40038
series4_boundaries,baseline_200,38,series4_boundaries__baseline_200__rep38,exp_source,mean,ewma,,227,4,227,True,100.00083349080522,1.1001106006905699,200,1000,24000,none,0,,40038
series4_boundaries,baseline_200,39,series4_boundaries__baseline_200__rep39,exp_source,mean,shewhart,,690,1,690,True,99.95334831227791,1.1337324383646437,200,1000,24000,none,0,,40039
series4_boundaries,baseline_200,39,series4_boundaries__baseline_200__rep39,exp_source,mean,cusum,,67,2,67,True,99.95334831227791,1.1337324383646437,200,1000,24000,none,0,,40039
series4_boundaries,baseline_200,39,series4_boundaries__baseline_200__rep39,exp_source,mean,ewma,,67,5,67,True,99.95334831227791,1.1337324383646437,200,1000,24000,none,0,,40039
series4_boundaries,baseline_200,40,series4_boundaries__baseline_200__rep40,exp_source,mean,shewhart,,130,5,130,True,100.12079397128906,1.1200584136313012,200,1000,24000,none,0,,40040
series4_boundaries,baseline_200,40,series4_boundaries__baseline_200__rep40,exp_source,mean,cusum,,273,4,273,True,100.12079397128906,1.1200584136313012,200,1000,24000,none,0,,40040
series4_boundaries,baseline_200,40,series4_boundaries__baseline_200__rep40,exp_source,mean,ewma,,467,1,467,True,100.12079397128906,1.1200584136313012,200,1000,24000,none,0,,40040
series4_boundaries,baseline_200,41,series4_boundaries__baseline_200__rep41,exp_source,mean,shewhart,,912,1,912,True,100.12968980724118,1.1368183703876025,200,1000,24000,none,0,,40041
series4_boundaries,baseline_200,41,series4_boundaries__baseline_200__rep41,exp_source,mean,cusum,,727,4,727,True,100.12968980724118,1.1368183703876025,200,1000,24000,none,0,,40041
series4_boundaries,baseline_200,41,series4_boundaries__baseline_200__rep41,exp_source,mean,ewma,,841,2,841,True,100.12968980724118,1.1368183703876025,200,1000,24000,none,0,,40041
series4_boundaries,baseline_200,42,series4_boundaries__baseline_200__rep42,exp_source,mean,shewhart,,117,4,117,True,100.05526004151457,1.0688279109252397,200,1000,24000,none,0,,40042
series4_boundaries,baseline_200,42,series4_boundaries__baseline_200__rep42,exp_source,mean,cusum,,364,3,364,True,100.05526004151457,1.0688279109252397,200,1000,24000,none,0,,40042
series4_boundaries,baseline_200,42,series4_boundaries__baseline_200__rep42,exp_source,mean,ewma,,364,3,364,True,100.05526004151457,1.0688279109252397,200,1000,24000,none,0,,40042
series4_boundaries,baseline_200,43,series4_boundaries__baseline_200__rep43,exp_source,mean,shewhart,,385.0,4,385.0,True,99.95738618306767,1.1116707955693212,200,1000,24000,none,0,,40043
series4_boundaries,baseline_200,43,series4_boundaries__baseline_200__rep43,exp_source,mean,cusum,,,0,,False,99.95738618306767,1.1116707955693212,200,1000,24000,none,0,,40043
series4_boundaries,baseline_200,43,series4_boundaries__baseline_200__rep43,exp_source,mean,ewma,,,0,,False,99.95738618306767,1.1116707955693212,200,1000,24000,none,0,,40043
series4_boundaries,baseline_200,44,series4_boundaries__baseline_200__rep44,exp_source,mean,shewhart,,69,9,69,True,100.00397038937061,1.055665151829811,200,1000,24000,none,0,,40044
series4_boundaries,baseline_200,44,series4_boundaries__baseline_200__rep44,exp_source,mean,cusum,,189,4,189,True,100.00397038937061,1.055665151829811,200,1000,24000,none,0,,40044
series4_boundaries,baseline_200,44,series4_boundaries__baseline_200__rep44,exp_source,mean,ewma,,189,7,189,True,100.00397038937061,1.055665151829811,200,1000,24000,none,0,,40044
series4_boundaries,baseline_200,45,series4_boundaries__baseline_200__rep45,exp_source,mean,shewhart,,420,4,420,True,99.83728710541166,1.1076375716159779,200,1000,24000,none,0,,40045
series4_boundaries,baseline_200,45,series4_boundaries__baseline_200__rep45,exp_source,mean,cusum,,26,4,26,True,99.83728710541166,1.1076375716159779,200,1000,24000,none,0,,40045
series4_boundaries,baseline_200,45,series4_boundaries__baseline_200__rep45,exp_source,mean,ewma,,26,5,26,True,99.83728710541166,1.1076375716159779,200,1000,24000,none,0,,40045
series4_boundaries,baseline_200,46,series4_boundaries__baseline_200__rep46,exp_source,mean,shewhart,,588,2,588,True,99.92958988075198,1.0966913180199835,200,1000,24000,none,0,,40046
series4_boundaries,baseline_200,46,series4_boundaries__baseline_200__rep46,exp_source,mean,cusum,,529,5,529,True,99.92958988075198,1.0966913180199835,200,1000,24000,none,0,,40046
series4_boundaries,baseline_200,46,series4_boundaries__baseline_200__rep46,exp_source,mean,ewma,,529,2,529,True,99.92958988075198,1.0966913180199835,200,1000,24000,none,0,,40046
series4_boundaries,baseline_200,47,series4_boundaries__baseline_200__rep47,exp_source,mean,shewhart,,579,3,579,True,100.04686363251842,1.0898051685072276,200,1000,24000,none,0,,40047
series4_boundaries,baseline_200,47,series4_boundaries__baseline_200__rep47,exp_source,mean,cusum,,21,3,21,True,100.04686363251842,1.0898051685072276,200,1000,24000,none,0,,40047
series4_boundaries,baseline_200,47,series4_boundaries__baseline_200__rep47,exp_source,mean,ewma,,21,3,21,True,100.04686363251842,1.0898051685072276,200,1000,24000,none,0,,40047
series4_boundaries,baseline_200,48,series4_boundaries__baseline_200__rep48,exp_source,mean,shewhart,,262.0,4,262.0,True,100.02282391293713,1.0641280399911843,200,1000,24000,none,0,,40048
series4_boundaries,baseline_200,48,series4_boundaries__baseline_200__rep48,exp_source,mean,cusum,,,0,,False,100.02282391293713,1.0641280399911843,200,1000,24000,none,0,,40048
series4_boundaries,baseline_200,48,series4_boundaries__baseline_200__rep48,exp_source,mean,ewma,,,0,,False,100.02282391293713,1.0641280399911843,200,1000,24000,none,0,,40048
series4_boundaries,baseline_200,49,series4_boundaries__baseline_200__rep49,exp_source,mean,shewhart,,881,1,881,True,99.94628293785674,1.1082165958612669,200,1000,24000,none,0,,40049
series4_boundaries,baseline_200,49,series4_boundaries__baseline_200__rep49,exp_source,mean,cusum,,257,4,257,True,99.94628293785674,1.1082165958612669,200,1000,24000,none,0,,40049
series4_boundaries,baseline_200,49,series4_boundaries__baseline_200__rep49,exp_source,mean,ewma,,140,6,140,True,99.94628293785674,1.1082165958612669,200,1000,24000,none,0,,40049
series4_boundaries,baseline_200,50,series4_boundaries__baseline_200__rep50,exp_source,mean,shewhart,,532,3,532,True,100.14538896212821,1.1227556172678612,200,1000,24000,none,0,,40050
series4_boundaries,baseline_200,50,series4_boundaries__baseline_200__rep50,exp_source,mean,cusum,,192,2,192,True,100.14538896212821,1.1227556172678612,200,1000,24000,none,0,,40050
series4_boundaries,baseline_200,50,series4_boundaries__baseline_200__rep50,exp_source,mean,ewma,,907,1,907,True,100.14538896212821,1.1227556172678612,200,1000,24000,none,0,,40050
series4_boundaries,baseline_300,1,series4_boundaries__baseline_300__rep01,exp_source,mean,shewhart,,13,3,13,True,100.14715981150395,1.1179624768355274,300,1000,26000,none,0,,50001
series4_boundaries,baseline_300,1,series4_boundaries__baseline_300__rep01,exp_source,mean,cusum,,13,6,13,True,100.14715981150395,1.1179624768355274,300,1000,26000,none,0,,50001
series4_boundaries,baseline_300,1,series4_boundaries__baseline_300__rep01,exp_source,mean,ewma,,13,3,13,True,100.14715981150395,1.1179624768355274,300,1000,26000,none,0,,50001
series4_boundaries,baseline_300,2,series4_boundaries__baseline_300__rep02,exp_source,mean,shewhart,,506,1,506,True,99.96035081186798,1.1369474157355843,300,1000,26000,none,0,,50002
series4_boundaries,baseline_300,2,series4_boundaries__baseline_300__rep02,exp_source,mean,cusum,,167,4,167,True,99.96035081186798,1.1369474157355843,300,1000,26000,none,0,,50002
series4_boundaries,baseline_300,2,series4_boundaries__baseline_300__rep02,exp_source,mean,ewma,,166,5,166,True,99.96035081186798,1.1369474157355843,300,1000,26000,none,0,,50002
series4_boundaries,baseline_300,3,series4_boundaries__baseline_300__rep03,exp_source,mean,shewhart,,390,1,390,True,100.06814553855286,1.0794513648468786,300,1000,26000,none,0,,50003
series4_boundaries,baseline_300,3,series4_boundaries__baseline_300__rep03,exp_source,mean,cusum,,453,2,453,True,100.06814553855286,1.0794513648468786,300,1000,26000,none,0,,50003
series4_boundaries,baseline_300,3,series4_boundaries__baseline_300__rep03,exp_source,mean,ewma,,432,1,432,True,100.06814553855286,1.0794513648468786,300,1000,26000,none,0,,50003
series4_boundaries,baseline_300,4,series4_boundaries__baseline_300__rep04,exp_source,mean,shewhart,,25,4,25,True,99.96914391998408,1.0695717569302994,300,1000,26000,none,0,,50004
series4_boundaries,baseline_300,4,series4_boundaries__baseline_300__rep04,exp_source,mean,cusum,,25,6,25,True,99.96914391998408,1.0695717569302994,300,1000,26000,none,0,,50004
series4_boundaries,baseline_300,4,series4_boundaries__baseline_300__rep04,exp_source,mean,ewma,,25,3,25,True,99.96914391998408,1.0695717569302994,300,1000,26000,none,0,,50004
series4_boundaries,baseline_300,5,series4_boundaries__baseline_300__rep05,exp_source,mean,shewhart,,197,3,197,True,99.95908120107725,1.140047893883634,300,1000,26000,none,0,,50005
series4_boundaries,baseline_300,5,series4_boundaries__baseline_300__rep05,exp_source,mean,cusum,,192,3,192,True,99.95908120107725,1.140047893883634,300,1000,26000,none,0,,50005
series4_boundaries,baseline_300,5,series4_boundaries__baseline_300__rep05,exp_source,mean,ewma,,192,1,192,True,99.95908120107725,1.140047893883634,300,1000,26000,none,0,,50005
series4_boundaries,baseline_300,6,series4_boundaries__baseline_300__rep06,exp_source,mean,shewhart,,905,1,905,True,99.96828895755382,1.126869896323821,300,1000,26000,none,0,,50006
series4_boundaries,baseline_300,6,series4_boundaries__baseline_300__rep06,exp_source,mean,cusum,,202,3,202,True,99.96828895755382,1.126869896323821,300,1000,26000,none,0,,50006
series4_boundaries,baseline_300,6,series4_boundaries__baseline_300__rep06,exp_source,mean,ewma,,202,6,202,True,99.96828895755382,1.126869896323821,300,1000,26000,none,0,,50006
series4_boundaries,baseline_300,7,series4_boundaries__baseline_300__rep07,exp_source,mean,shewhart,,250,3,250,True,99.78509094980217,1.0783196790305047,300,1000,26000,none,0,,50007
series4_boundaries,baseline_300,7,series4_boundaries__baseline_300__rep07,exp_source,mean,cusum,,116,7,116,True,99.78509094980217,1.0783196790305047,300,1000,26000,none,0,,50007
series4_boundaries,baseline_300,7,series4_boundaries__baseline_300__rep07,exp_source,mean,ewma,,116,6,116,True,99.78509094980217,1.0783196790305047,300,1000,26000,none,0,,50007
series4_boundaries,baseline_300,8,series4_boundaries__baseline_300__rep08,exp_source,mean,shewhart,,35,6,35,True,99.90365940782455,1.0888978701613008,300,1000,26000,none,0,,50008
series4_boundaries,baseline_300,8,series4_boundaries__baseline_300__rep08,exp_source,mean,cusum,,280,5,280,True,99.90365940782455,1.0888978701613008,300,1000,26000,none,0,,50008
series4_boundaries,baseline_300,8,series4_boundaries__baseline_300__rep08,exp_source,mean,ewma,,280,6,280,True,99.90365940782455,1.0888978701613008,300,1000,26000,none,0,,50008
series4_boundaries,baseline_300,9,series4_boundaries__baseline_300__rep09,exp_source,mean,shewhart,,105,4,105,True,100.08302740816173,1.1612356444989644,300,1000,26000,none,0,,50009
series4_boundaries,baseline_300,9,series4_boundaries__baseline_300__rep09,exp_source,mean,cusum,,156,1,156,True,100.08302740816173,1.1612356444989644,300,1000,26000,none,0,,50009
series4_boundaries,baseline_300,9,series4_boundaries__baseline_300__rep09,exp_source,mean,ewma,,47,2,47,True,100.08302740816173,1.1612356444989644,300,1000,26000,none,0,,50009
series4_boundaries,baseline_300,10,series4_boundaries__baseline_300__rep10,exp_source,mean,shewhart,,19,5,19,True,99.88021686280199,1.0405363300348964,300,1000,26000,none,0,,50010
series4_boundaries,baseline_300,10,series4_boundaries__baseline_300__rep10,exp_source,mean,cusum,,204,3,204,True,99.88021686280199,1.0405363300348964,300,1000,26000,none,0,,50010
series4_boundaries,baseline_300,10,series4_boundaries__baseline_300__rep10,exp_source,mean,ewma,,204,8,204,True,99.88021686280199,1.0405363300348964,300,1000,26000,none,0,,50010
series4_boundaries,baseline_300,11,series4_boundaries__baseline_300__rep11,exp_source,mean,shewhart,,16,4,16,True,99.9809546940619,1.0672345894646134,300,1000,26000,none,0,,50011
series4_boundaries,baseline_300,11,series4_boundaries__baseline_300__rep11,exp_source,mean,cusum,,37,11,37,True,99.9809546940619,1.0672345894646134,300,1000,26000,none,0,,50011
series4_boundaries,baseline_300,11,series4_boundaries__baseline_300__rep11,exp_source,mean,ewma,,37,9,37,True,99.9809546940619,1.0672345894646134,300,1000,26000,none,0,,50011
series4_boundaries,baseline_300,12,series4_boundaries__baseline_300__rep12,exp_source,mean,shewhart,,214,4,214,True,99.99365760523924,1.1228413706155396,300,1000,26000,none,0,,50012
series4_boundaries,baseline_300,12,series4_boundaries__baseline_300__rep12,exp_source,mean,cusum,,179,5,179,True,99.99365760523924,1.1228413706155396,300,1000,26000,none,0,,50012
series4_boundaries,baseline_300,12,series4_boundaries__baseline_300__rep12,exp_source,mean,ewma,,179,10,179,True,99.99365760523924,1.1228413706155396,300,1000,26000,none,0,,50012
series4_boundaries,baseline_300,13,series4_boundaries__baseline_300__rep13,exp_source,mean,shewhart,,225.0,2,225.0,True,100.03025402575355,1.2124694923526929,300,1000,26000,none,0,,50013
series4_boundaries,baseline_300,13,series4_boundaries__baseline_300__rep13,exp_source,mean,cusum,,,0,,False,100.03025402575355,1.2124694923526929,300,1000,26000,none,0,,50013
series4_boundaries,baseline_300,13,series4_boundaries__baseline_300__rep13,exp_source,mean,ewma,,,0,,False,100.03025402575355,1.2124694923526929,300,1000,26000,none,0,,50013
series4_boundaries,baseline_300,14,series4_boundaries__baseline_300__rep14,exp_source,mean,shewhart,,366,7,366,True,99.93304346291762,1.1154089466450616,300,1000,26000,none,0,,50014
series4_boundaries,baseline_300,14,series4_boundaries__baseline_300__rep14,exp_source,mean,cusum,,158,3,158,True,99.93304346291762,1.1154089466450616,300,1000,26000,none,0,,50014
series4_boundaries,baseline_300,14,series4_boundaries__baseline_300__rep14,exp_source,mean,ewma,,159,4,159,True,99.93304346291762,1.1154089466450616,300,1000,26000,none,0,,50014
series4_boundaries,baseline_300,15,series4_boundaries__baseline_300__rep15,exp_source,mean,shewhart,,148,2,148,True,99.8502403156857,1.1308504964316846,300,1000,26000,none,0,,50015
series4_boundaries,baseline_300,15,series4_boundaries__baseline_300__rep15,exp_source,mean,cusum,,852,1,852,True,99.8502403156857,1.1308504964316846,300,1000,26000,none,0,,50015
series4_boundaries,baseline_300,15,series4_boundaries__baseline_300__rep15,exp_source,mean,ewma,,976,1,976,True,99.8502403156857,1.1308504964316846,300,1000,26000,none,0,,50015
series4_boundaries,baseline_300,16,series4_boundaries__baseline_300__rep16,exp_source,mean,shewhart,,136,3,136,True,99.98847061196429,1.089677729546874,300,1000,26000,none,0,,50016
series4_boundaries,baseline_300,16,series4_boundaries__baseline_300__rep16,exp_source,mean,cusum,,90,5,90,True,99.98847061196429,1.089677729546874,300,1000,26000,none,0,,50016
series4_boundaries,baseline_300,16,series4_boundaries__baseline_300__rep16,exp_source,mean,ewma,,90,4,90,True,99.98847061196429,1.089677729546874,300,1000,26000,none,0,,50016
series4_boundaries,baseline_300,17,series4_boundaries__baseline_300__rep17,exp_source,mean,shewhart,,670,2,670,True,100.16531374426522,1.1355892562777816,300,1000,26000,none,0,,50017
series4_boundaries,baseline_300,17,series4_boundaries__baseline_300__rep17,exp_source,mean,cusum,,153,4,153,True,100.16531374426522,1.1355892562777816,300,1000,26000,none,0,,50017
series4_boundaries,baseline_300,17,series4_boundaries__baseline_300__rep17,exp_source,mean,ewma,,99,5,99,True,100.16531374426522,1.1355892562777816,300,1000,26000,none,0,,50017
series4_boundaries,baseline_300,18,series4_boundaries__baseline_300__rep18,exp_source,mean,shewhart,,150,7,150,True,100.09873165986096,1.0192148937508088,300,1000,26000,none,0,,50018
series4_boundaries,baseline_300,18,series4_boundaries__baseline_300__rep18,exp_source,mean,cusum,,106,8,106,True,100.09873165986096,1.0192148937508088,300,1000,26000,none,0,,50018
series4_boundaries,baseline_300,18,series4_boundaries__baseline_300__rep18,exp_source,mean,ewma,,219,4,219,True,100.09873165986096,1.0192148937508088,300,1000,26000,none,0,,50018
series4_boundaries,baseline_300,19,series4_boundaries__baseline_300__rep19,exp_source,mean,shewhart,,236,2,236,True,100.07845693130864,1.1143204442938837,300,1000,26000,none,0,,50019
series4_boundaries,baseline_300,19,series4_boundaries__baseline_300__rep19,exp_source,mean,cusum,,243,5,243,True,100.07845693130864,1.1143204442938837,300,1000,26000,none,0,,50019
series4_boundaries,baseline_300,19,series4_boundaries__baseline_300__rep19,exp_source,mean,ewma,,244,4,244,True,100.07845693130864,1.1143204442938837,300,1000,26000,none,0,,50019
series4_boundaries,baseline_300,20,series4_boundaries__baseline_300__rep20,exp_source,mean,shewhart,,,0,,False,100.08172611167686,1.2148768727502945,300,1000,26000,none,0,,50020
series4_boundaries,baseline_300,20,series4_boundaries__baseline_300__rep20,exp_source,mean,cusum,,329.0,3,329.0,True,100.08172611167686,1.2148768727502945,300,1000,26000,none,0,,50020
series4_boundaries,baseline_300,20,series4_boundaries__baseline_300__rep20,exp_source,mean,ewma,,331.0,1,331.0,True,100.08172611167686,1.2148768727502945,300,1000,26000,none,0,,50020
series4_boundaries,baseline_300,21,series4_boundaries__baseline_300__rep21,exp_source,mean,shewhart,,212,5,212,True,99.95781934530908,1.054298370068972,300,1000,26000,none,0,,50021
series4_boundaries,baseline_300,21,series4_boundaries__baseline_300__rep21,exp_source,mean,cusum,,218,3,218,True,99.95781934530908,1.054298370068972,300,1000,26000,none,0,,50021
series4_boundaries,baseline_300,21,series4_boundaries__baseline_300__rep21,exp_source,mean,ewma,,664,5,664,True,99.95781934530908,1.054298370068972,300,1000,26000,none,0,,50021
series4_boundaries,baseline_300,22,series4_boundaries__baseline_300__rep22,exp_source,mean,shewhart,,339,6,339,True,100.01337411021039,1.0597859283889366,300,1000,26000,none,0,,50022
series4_boundaries,baseline_300,22,series4_boundaries__baseline_300__rep22,exp_source,mean,cusum,,868,2,868,True,100.01337411021039,1.0597859283889366,300,1000,26000,none,0,,50022
series4_boundaries,baseline_300,22,series4_boundaries__baseline_300__rep22,exp_source,mean,ewma,,868,1,868,True,100.01337411021039,1.0597859283889366,300,1000,26000,none,0,,50022
series4_boundaries,baseline_300,23,series4_boundaries__baseline_300__rep23,exp_source,mean,shewhart,,3,4,3,True,100.08239280794477,1.1148706122775702,300,1000,26000,none,0,,50023
series4_boundaries,baseline_300,23,series4_boundaries__baseline_300__rep23,exp_source,mean,cusum,,57,2,57,True,100.08239280794477,1.1148706122775702,300,1000,26000,none,0,,50023
series4_boundaries,baseline_300,23,series4_boundaries__baseline_300__rep23,exp_source,mean,ewma,,57,2,57,True,100.08239280794477,1.1148706122775702,300,1000,26000,none,0,,50023
series4_boundaries,baseline_300,24,series4_boundaries__baseline_300__rep24,exp_source,mean,shewhart,,69,3,69,True,100.01447471443927,1.105281990068986,300,1000,26000,none,0,,50024
series4_boundaries,baseline_300,24,series4_boundaries__baseline_300__rep24,exp_source,mean,cusum,,408,2,408,True,100.01447471443927,1.105281990068986,300,1000,26000,none,0,,50024
series4_boundaries,baseline_300,24,series4_boundaries__baseline_300__rep24,exp_source,mean,ewma,,408,2,408,True,100.01447471443927,1.105281990068986,300,1000,26000,none,0,,50024
series4_boundaries,baseline_300,25,series4_boundaries__baseline_300__rep25,exp_source,mean,shewhart,,32,4,32,True,100.00249536950241,1.0926221427705924,300,1000,26000,none,0,,50025
series4_boundaries,baseline_300,25,series4_boundaries__baseline_300__rep25,exp_source,mean,cusum,,97,3,97,True,100.00249536950241,1.0926221427705924,300,1000,26000,none,0,,50025
series4_boundaries,baseline_300,25,series4_boundaries__baseline_300__rep25,exp_source,mean,ewma,,98,3,98,True,100.00249536950241,1.0926221427705924,300,1000,26000,none,0,,50025
series4_boundaries,baseline_300,26,series4_boundaries__baseline_300__rep26,exp_source,mean,shewhart,,21,5,21,True,100.01390235332993,1.0967987954810983,300,1000,26000,none,0,,50026
series4_boundaries,baseline_300,26,series4_boundaries__baseline_300__rep26,exp_source,mean,cusum,,172,4,172,True,100.01390235332993,1.0967987954810983,300,1000,26000,none,0,,50026
series4_boundaries,baseline_300,26,series4_boundaries__baseline_300__rep26,exp_source,mean,ewma,,172,3,172,True,100.01390235332993,1.0967987954810983,300,1000,26000,none,0,,50026
series4_boundaries,baseline_300,27,series4_boundaries__baseline_300__rep27,exp_source,mean,shewhart,,183,5,183,True,99.97461659527046,1.0828402563216055,300,1000,26000,none,0,,50027
series4_boundaries,baseline_300,27,series4_boundaries__baseline_300__rep27,exp_source,mean,cusum,,188,2,188,True,99.97461659527046,1.0828402563216055,300,1000,26000,none,0,,50027
series4_boundaries,baseline_300,27,series4_boundaries__baseline_300__rep27,exp_source,mean,ewma,,828,1,828,True,99.97461659527046,1.0828402563216055,300,1000,26000,none,0,,50027
series4_boundaries,baseline_300,28,series4_boundaries__baseline_300__rep28,exp_source,mean,shewhart,,162,7,162,True,100.01822526702283,1.1080324619784707,300,1000,26000,none,0,,50028
series4_boundaries,baseline_300,28,series4_boundaries__baseline_300__rep28,exp_source,mean,cusum,,712,3,712,True,100.01822526702283,1.1080324619784707,300,1000,26000,none,0,,50028
series4_boundaries,baseline_300,28,series4_boundaries__baseline_300__rep28,exp_source,mean,ewma,,199,2,199,True,100.01822526702283,1.1080324619784707,300,1000,26000,none,0,,50028
series4_boundaries,baseline_300,29,series4_boundaries__baseline_300__rep29,exp_source,mean,shewhart,,,0,,False,100.04999119551319,1.1455248491195915,300,1000,26000,none,0,,50029
series4_boundaries,baseline_300,29,series4_boundaries__baseline_300__rep29,exp_source,mean,cusum,,70.0,4,70.0,True,100.04999119551319,1.1455248491195915,300,1000,26000,none,0,,50029
series4_boundaries,baseline_300,29,series4_boundaries__baseline_300__rep29,exp_source,mean,ewma,,137.0,7,137.0,True,100.04999119551319,1.1455248491195915,300,1000,26000,none,0,,50029
series4_boundaries,baseline_300,30,series4_boundaries__baseline_300__rep30,exp_source,mean,shewhart,,8,3,8,True,100.00024766588493,1.0474998660161194,300,1000,26000,none,0,,50030
series4_boundaries,baseline_300,30,series4_boundaries__baseline_300__rep30,exp_source,mean,cusum,,383,3,383,True,100.00024766588493,1.0474998660161194,300,1000,26000,none,0,,50030
series4_boundaries,baseline_300,30,series4_boundaries__baseline_300__rep30,exp_source,mean,ewma,,8,3,8,True,100.00024766588493,1.0474998660161194,300,1000,26000,none,0,,50030
series4_boundaries,baseline_300,31,series4_boundaries__baseline_300__rep31,exp_source,mean,shewhart,,710,1,710,True,100.11421607056512,1.1848495445629939,300,1000,26000,none,0,,50031
series4_boundaries,baseline_300,31,series4_boundaries__baseline_300__rep31,exp_source,mean,cusum,,177,2,177,True,100.11421607056512,1.1848495445629939,300,1000,26000,none,0,,50031
series4_boundaries,baseline_300,31,series4_boundaries__baseline_300__rep31,exp_source,mean,ewma,,177,2,177,True,100.11421607056512,1.1848495445629939,300,1000,26000,none,0,,50031
series4_boundaries,baseline_300,32,series4_boundaries__baseline_300__rep32,exp_source,mean,shewhart,,146,1,146,True,99.92954748031357,1.1814962090673555,300,1000,26000,none,0,,50032
series4_boundaries,baseline_300,32,series4_boundaries__baseline_300__rep32,exp_source,mean,cusum,,447,1,447,True,99.92954748031357,1.1814962090673555,300,1000,26000,none,0,,50032
series4_boundaries,baseline_300,32,series4_boundaries__baseline_300__rep32,exp_source,mean,ewma,,446,4,446,True,99.92954748031357,1.1814962090673555,300,1000,26000,none,0,,50032
series4_boundaries,baseline_300,33,series4_boundaries__baseline_300__rep33,exp_source,mean,shewhart,,744.0,1,744.0,True,100.03201239633044,1.1279072582947196,300,1000,26000,none,0,,50033
series4_boundaries,baseline_300,33,series4_boundaries__baseline_300__rep33,exp_source,mean,cusum,,358.0,1,358.0,True,100.03201239633044,1.1279072582947196,300,1000,26000,none,0,,50033
series4_boundaries,baseline_300,33,series4_boundaries__baseline_300__rep33,exp_source,mean,ewma,,,0,,False,100.03201239633044,1.1279072582947196,300,1000,26000,none,0,,50033
series4_boundaries,baseline_300,34,series4_boundaries__baseline_300__rep34,exp_source,mean,shewhart,,16,3,16,True,100.06253238392101,1.1193562424730847,300,1000,26000,none,0,,50034
series4_boundaries,baseline_300,34,series4_boundaries__baseline_300__rep34,exp_source,mean,cusum,,16,4,16,True,100.06253238392101,1.1193562424730847,300,1000,26000,none,0,,50034
series4_boundaries,baseline_300,34,series4_boundaries__baseline_300__rep34,exp_source,mean,ewma,,16,5,16,True,100.06253238392101,1.1193562424730847,300,1000,26000,none,0,,50034
series4_boundaries,baseline_300,35,series4_boundaries__baseline_300__rep35,exp_source,mean,shewhart,,264,4,264,True,99.8944309564732,1.1129763438627522,300,1000,26000,none,0,,50035
series4_boundaries,baseline_300,35,series4_boundaries__baseline_300__rep35,exp_source,mean,cusum,,300,1,300,True,99.8944309564732,1.1129763438627522,300,1000,26000,none,0,,50035
series4_boundaries,baseline_300,35,series4_boundaries__baseline_300__rep35,exp_source,mean,ewma,,804,1,804,True,99.8944309564732,1.1129763438627522,300,1000,26000,none,0,,50035
series4_boundaries,baseline_300,36,series4_boundaries__baseline_300__rep36,exp_source,mean,shewhart,,159,3,159,True,99.96625259526955,1.1364360769058142,300,1000,26000,none,0,,50036
series4_boundaries,baseline_300,36,series4_boundaries__baseline_300__rep36,exp_source,mean,cusum,,49,5,49,True,99.96625259526955,1.1364360769058142,300,1000,26000,none,0,,50036
series4_boundaries,baseline_300,36,series4_boundaries__baseline_300__rep36,exp_source,mean,ewma,,48,7,48,True,99.96625259526955,1.1364360769058142,300,1000,26000,none,0,,50036
series4_boundaries,baseline_300,37,series4_boundaries__baseline_300__rep37,exp_source,mean,shewhart,,210,4,210,True,100.03177308273072,1.0814226373768367,300,1000,26000,none,0,,50037
series4_boundaries,baseline_300,37,series4_boundaries__baseline_300__rep37,exp_source,mean,cusum,,20,5,20,True,100.03177308273072,1.0814226373768367,300,1000,26000,none,0,,50037
series4_boundaries,baseline_300,37,series4_boundaries__baseline_300__rep37,exp_source,mean,ewma,,20,9,20,True,100.03177308273072,1.0814226373768367,300,1000,26000,none,0,,50037
series4_boundaries,baseline_300,38,series4_boundaries__baseline_300__rep38,exp_source,mean,shewhart,,17,2,17,True,99.93081337640572,1.1147926663137402,300,1000,26000,none,0,,50038
series4_boundaries,baseline_300,38,series4_boundaries__baseline_300__rep38,exp_source,mean,cusum,,231,2,231,True,99.93081337640572,1.1147926663137402,300,1000,26000,none,0,,50038
series4_boundaries,baseline_300,38,series4_boundaries__baseline_300__rep38,exp_source,mean,ewma,,824,2,824,True,99.93081337640572,1.1147926663137402,300,1000,26000,none,0,,50038
series4_boundaries,baseline_300,39,series4_boundaries__baseline_300__rep39,exp_source,mean,shewhart,,555,4,555,True,100.06305024908917,1.104419489926636,300,1000,26000,none,0,,50039
series4_boundaries,baseline_300,39,series4_boundaries__baseline_300__rep39,exp_source,mean,cusum,,35,6,35,True,100.06305024908917,1.104419489926636,300,1000,26000,none,0,,50039
series4_boundaries,baseline_300,39,series4_boundaries__baseline_300__rep39,exp_source,mean,ewma,,427,6,427,True,100.06305024908917,1.104419489926636,300,1000,26000,none,0,,50039
series4_boundaries,baseline_300,40,series4_boundaries__baseline_300__rep40,exp_source,mean,shewhart,,41.0,5,41.0,True,99.9977530756579,1.1242263526470393,300,1000,26000,none,0,,50040
series4_boundaries,baseline_300,40,series4_boundaries__baseline_300__rep40,exp_source,mean,cusum,,58.0,1,58.0,True,99.9977530756579,1.1242263526470393,300,1000,26000,none,0,,50040
series4_boundaries,baseline_300,40,series4_boundaries__baseline_300__rep40,exp_source,mean,ewma,,,0,,False,99.9977530756579,1.1242263526470393,300,1000,26000,none,0,,50040
series4_boundaries,baseline_300,41,series4_boundaries__baseline_300__rep41,exp_source,mean,shewhart,,388,5,388,True,100.02746703041157,1.1140795070427734,300,1000,26000,none,0,,50041
series4_boundaries,baseline_300,41,series4_boundaries__baseline_300__rep41,exp_source,mean,cusum,,172,1,172,True,100.02746703041157,1.1140795070427734,300,1000,26000,none,0,,50041
series4_boundaries,baseline_300,41,series4_boundaries__baseline_300__rep41,exp_source,mean,ewma,,169,3,169,True,100.02746703041157,1.1140795070427734,300,1000,26000,none,0,,50041
series4_boundaries,baseline_300,42,series4_boundaries__baseline_300__rep42,exp_source,mean,shewhart,,9,7,9,True,99.98884727341381,1.0847639370908844,300,1000,26000,none,0,,50042
series4_boundaries,baseline_300,42,series4_boundaries__baseline_300__rep42,exp_source,mean,cusum,,9,3,9,True,99.98884727341381,1.0847639370908844,300,1000,26000,none,0,,50042
series4_boundaries,baseline_300,42,series4_boundaries__baseline_300__rep42,exp_source,mean,ewma,,9,3,9,True,99.98884727341381,1.0847639370908844,300,1000,26000,none,0,,50042
series4_boundaries,baseline_300,43,series4_boundaries__baseline_300__rep43,exp_source,mean,shewhart,,126,2,126,True,100.04087925568486,1.1464429057816812,300,1000,26000,none,0,,50043
series4_boundaries,baseline_300,43,series4_boundaries__baseline_300__rep43,exp_source,mean,cusum,,929,1,929,True,100.04087925568486,1.1464429057816812,300,1000,26000,none,0,,50043
series4_boundaries,baseline_300,43,series4_boundaries__baseline_300__rep43,exp_source,mean,ewma,,930,2,930,True,100.04087925568486,1.1464429057816812,300,1000,26000,none,0,,50043
series4_boundaries,baseline_300,44,series4_boundaries__baseline_300__rep44,exp_source,mean,shewhart,,252,5,252,True,100.03422011625142,1.0626428269073938,300,1000,26000,none,0,,50044
series4_boundaries,baseline_300,44,series4_boundaries__baseline_300__rep44,exp_source,mean,cusum,,432,3,432,True,100.03422011625142,1.0626428269073938,300,1000,26000,none,0,,50044
series4_boundaries,baseline_300,44,series4_boundaries__baseline_300__rep44,exp_source,mean,ewma,,432,3,432,True,100.03422011625142,1.0626428269073938,300,1000,26000,none,0,,50044
series4_boundaries,baseline_300,45,series4_boundaries__baseline_300__rep45,exp_source,mean,shewhart,,158,5,158,True,99.95074635911979,1.0503423294878869,300,1000,26000,none,0,,50045
series4_boundaries,baseline_300,45,series4_boundaries__baseline_300__rep45,exp_source,mean,cusum,,160,2,160,True,99.95074635911979,1.0503423294878869,300,1000,26000,none,0,,50045
series4_boundaries,baseline_300,45,series4_boundaries__baseline_300__rep45,exp_source,mean,ewma,,158,3,158,True,99.95074635911979,1.0503423294878869,300,1000,26000,none,0,,50045
series4_boundaries,baseline_300,46,series4_boundaries__baseline_300__rep46,exp_source,mean,shewhart,,136,6,136,True,100.01011644335259,1.1170218818525897,300,1000,26000,none,0,,50046
series4_boundaries,baseline_300,46,series4_boundaries__baseline_300__rep46,exp_source,mean,cusum,,187,2,187,True,100.01011644335259,1.1170218818525897,300,1000,26000,none,0,,50046
series4_boundaries,baseline_300,46,series4_boundaries__baseline_300__rep46,exp_source,mean,ewma,,187,3,187,True,100.01011644335259,1.1170218818525897,300,1000,26000,none,0,,50046
series4_boundaries,baseline_300,47,series4_boundaries__baseline_300__rep47,exp_source,mean,shewhart,,144,6,144,True,100.01608535298718,1.0772372258886933,300,1000,26000,none,0,,50047
series4_boundaries,baseline_300,47,series4_boundaries__baseline_300__rep47,exp_source,mean,cusum,,11,6,11,True,100.01608535298718,1.0772372258886933,300,1000,26000,none,0,,50047
series4_boundaries,baseline_300,47,series4_boundaries__baseline_300__rep47,exp_source,mean,ewma,,292,7,292,True,100.01608535298718,1.0772372258886933,300,1000,26000,none,0,,50047
series4_boundaries,baseline_300,48,series4_boundaries__baseline_300__rep48,exp_source,mean,shewhart,,,0,,False,100.00339673235688,1.1190011716820532,300,1000,26000,none,0,,50048
series4_boundaries,baseline_300,48,series4_boundaries__baseline_300__rep48,exp_source,mean,cusum,,,0,,False,100.00339673235688,1.1190011716820532,300,1000,26000,none,0,,50048
series4_boundaries,baseline_300,48,series4_boundaries__baseline_300__rep48,exp_source,mean,ewma,,,0,,False,100.00339673235688,1.1190011716820532,300,1000,26000,none,0,,50048
series4_boundaries,baseline_300,49,series4_boundaries__baseline_300__rep49,exp_source,mean,shewhart,,753,2,753,True,99.86341935712025,1.1271340219816326,300,1000,26000,none,0,,50049
series4_boundaries,baseline_300,49,series4_boundaries__baseline_300__rep49,exp_source,mean,cusum,,310,2,310,True,99.86341935712025,1.1271340219816326,300,1000,26000,none,0,,50049
series4_boundaries,baseline_300,49,series4_boundaries__baseline_300__rep49,exp_source,mean,ewma,,310,2,310,True,99.86341935712025,1.1271340219816326,300,1000,26000,none,0,,50049
series4_boundaries,baseline_300,50,series4_boundaries__baseline_300__rep50,exp_source,mean,shewhart,,387,2,387,True,99.95639522685427,1.1278372857755232,300,1000,26000,none,0,,50050
series4_boundaries,baseline_300,50,series4_boundaries__baseline_300__rep50,exp_source,mean,cusum,,59,1,59,True,99.95639522685427,1.1278372857755232,300,1000,26000,none,0,,50050
series4_boundaries,baseline_300,50,series4_boundaries__baseline_300__rep50,exp_source,mean,ewma,,59,1,59,True,99.95639522685427,1.1278372857755232,300,1000,26000,none,0,,50050
series4_boundaries,baseline_500,1,series4_boundaries__baseline_500__rep01,exp_source,mean,shewhart,,199,5,199,True,100.05108784474368,1.1142165357664278,500,1000,30000,none,0,,60001
series4_boundaries,baseline_500,1,series4_boundaries__baseline_500__rep01,exp_source,mean,cusum,,13,4,13,True,100.05108784474368,1.1142165357664278,500,1000,30000,none,0,,60001
series4_boundaries,baseline_500,1,series4_boundaries__baseline_500__rep01,exp_source,mean,ewma,,725,3,725,True,100.05108784474368,1.1142165357664278,500,1000,30000,none,0,,60001
series4_boundaries,baseline_500,2,series4_boundaries__baseline_500__rep02,exp_source,mean,shewhart,,30,2,30,True,99.98047143129678,1.1667483860978431,500,1000,30000,none,0,,60002
series4_boundaries,baseline_500,2,series4_boundaries__baseline_500__rep02,exp_source,mean,cusum,,411,2,411,True,99.98047143129678,1.1667483860978431,500,1000,30000,none,0,,60002
series4_boundaries,baseline_500,2,series4_boundaries__baseline_500__rep02,exp_source,mean,ewma,,350,7,350,True,99.98047143129678,1.1667483860978431,500,1000,30000,none,0,,60002
series4_boundaries,baseline_500,3,series4_boundaries__baseline_500__rep03,exp_source,mean,shewhart,,677,2,677,True,100.00025284170674,1.1680225874787995,500,1000,30000,none,0,,60003
series4_boundaries,baseline_500,3,series4_boundaries__baseline_500__rep03,exp_source,mean,cusum,,100,4,100,True,100.00025284170674,1.1680225874787995,500,1000,30000,none,0,,60003
series4_boundaries,baseline_500,3,series4_boundaries__baseline_500__rep03,exp_source,mean,ewma,,897,5,897,True,100.00025284170674,1.1680225874787995,500,1000,30000,none,0,,60003
series4_boundaries,baseline_500,4,series4_boundaries__baseline_500__rep04,exp_source,mean,shewhart,,391,3,391,True,99.99249887161395,1.0716237985444057,500,1000,30000,none,0,,60004
series4_boundaries,baseline_500,4,series4_boundaries__baseline_500__rep04,exp_source,mean,cusum,,397,1,397,True,99.99249887161395,1.0716237985444057,500,1000,30000,none,0,,60004
series4_boundaries,baseline_500,4,series4_boundaries__baseline_500__rep04,exp_source,mean,ewma,,391,2,391,True,99.99249887161395,1.0716237985444057,500,1000,30000,none,0,,60004
series4_boundaries,baseline_500,5,series4_boundaries__baseline_500__rep05,exp_source,mean,shewhart,,579,1,579,True,99.97015864350692,1.1055337904022198,500,1000,30000,none,0,,60005
series4_boundaries,baseline_500,5,series4_boundaries__baseline_500__rep05,exp_source,mean,cusum,,314,3,314,True,99.97015864350692,1.1055337904022198,500,1000,30000,none,0,,60005
series4_boundaries,baseline_500,5,series4_boundaries__baseline_500__rep05,exp_source,mean,ewma,,127,2,127,True,99.97015864350692,1.1055337904022198,500,1000,30000,none,0,,60005
series4_boundaries,baseline_500,6,series4_boundaries__baseline_500__rep06,exp_source,mean,shewhart,,202,2,202,True,100.02319180035592,1.1106246432963842,500,1000,30000,none,0,,60006
series4_boundaries,baseline_500,6,series4_boundaries__baseline_500__rep06,exp_source,mean,cusum,,208,3,208,True,100.02319180035592,1.1106246432963842,500,1000,30000,none,0,,60006
series4_boundaries,baseline_500,6,series4_boundaries__baseline_500__rep06,exp_source,mean,ewma,,647,3,647,True,100.02319180035592,1.1106246432963842,500,1000,30000,none,0,,60006
series4_boundaries,baseline_500,7,series4_boundaries__baseline_500__rep07,exp_source,mean,shewhart,,219,3,219,True,99.9481019953183,1.0811062483527192,500,1000,30000,none,0,,60007
series4_boundaries,baseline_500,7,series4_boundaries__baseline_500__rep07,exp_source,mean,cusum,,32,5,32,True,99.9481019953183,1.0811062483527192,500,1000,30000,none,0,,60007
series4_boundaries,baseline_500,7,series4_boundaries__baseline_500__rep07,exp_source,mean,ewma,,32,6,32,True,99.9481019953183,1.0811062483527192,500,1000,30000,none,0,,60007
series4_boundaries,baseline_500,8,series4_boundaries__baseline_500__rep08,exp_source,mean,shewhart,,454,2,454,True,100.03406648328797,1.1210138978751232,500,1000,30000,none,0,,60008
series4_boundaries,baseline_500,8,series4_boundaries__baseline_500__rep08,exp_source,mean,cusum,,661,2,661,True,100.03406648328797,1.1210138978751232,500,1000,30000,none,0,,60008
series4_boundaries,baseline_500,8,series4_boundaries__baseline_500__rep08,exp_source,mean,ewma,,498,2,498,True,100.03406648328797,1.1210138978751232,500,1000,30000,none,0,,60008
series4_boundaries,baseline_500,9,series4_boundaries__baseline_500__rep09,exp_source,mean,shewhart,,401.0,4,401.0,True,99.9061048414602,1.1457376131581245,500,1000,30000,none,0,,60009
series4_boundaries,baseline_500,9,series4_boundaries__baseline_500__rep09,exp_source,mean,cusum,,765.0,1,765.0,True,99.9061048414602,1.1457376131581245,500,1000,30000,none,0,,60009
series4_boundaries,baseline_500,9,series4_boundaries__baseline_500__rep09,exp_source,mean,ewma,,,0,,False,99.9061048414602,1.1457376131581245,500,1000,30000,none,0,,60009
series4_boundaries,baseline_500,10,series4_boundaries__baseline_500__rep10,exp_source,mean,shewhart,,77.0,3,77.0,True,100.03498997641435,1.0918626570026524,500,1000,30000,none,0,,60010
series4_boundaries,baseline_500,10,series4_boundaries__baseline_500__rep10,exp_source,mean,cusum,,,0,,False,100.03498997641435,1.0918626570026524,500,1000,30000,none,0,,60010
series4_boundaries,baseline_500,10,series4_boundaries__baseline_500__rep10,exp_source,mean,ewma,,818.0,1,818.0,True,100.03498997641435,1.0918626570026524,500,1000,30000,none,0,,60010
series4_boundaries,baseline_500,11,series4_boundaries__baseline_500__rep11,exp_source,mean,shewhart,,69,2,69,True,99.95582538579194,1.0982539448777815,500,1000,30000,none,0,,60011
series4_boundaries,baseline_500,11,series4_boundaries__baseline_500__rep11,exp_source,mean,cusum,,139,2,139,True,99.95582538579194,1.0982539448777815,500,1000,30000,none,0,,60011
series4_boundaries,baseline_500,11,series4_boundaries__baseline_500__rep11,exp_source,mean,ewma,,139,3,139,True,99.95582538579194,1.0982539448777815,500,1000,30000,none,0,,60011
series4_boundaries,baseline_500,12,series4_boundaries__baseline_500__rep12,exp_source,mean,shewhart,,332,3,332,True,100.01794861217024,1.1030038121086263,500,1000,30000,none,0,,60012
series4_boundaries,baseline_500,12,series4_boundaries__baseline_500__rep12,exp_source,mean,cusum,,30,5,30,True,100.01794861217024,1.1030038121086263,500,1000,30000,none,0,,60012
series4_boundaries,baseline_500,12,series4_boundaries__baseline_500__rep12,exp_source,mean,ewma,,156,9,156,True,100.01794861217024,1.1030038121086263,500,1000,30000,none,0,,60012
series4_boundaries,baseline_500,13,series4_boundaries__baseline_500__rep13,exp_source,mean,shewhart,,389,1,389,True,99.99745246849938,1.1261039976186797,500,1000,30000,none,0,,60013
series4_boundaries,baseline_500,13,series4_boundaries__baseline_500__rep13,exp_source,mean,cusum,,534,2,534,True,99.99745246849938,1.1261039976186797,500,1000,30000,none,0,,60013
series4_boundaries,baseline_500,13,series4_boundaries__baseline_500__rep13,exp_source,mean,ewma,,270,2,270,True,99.99745246849938,1.1261039976186797,500,1000,30000,none,0,,60013
series4_boundaries,baseline_500,14,series4_boundaries__baseline_500__rep14,exp_source,mean,shewhart,,815.0,1,815.0,True,99.98611093206166,1.1563351498512795,500,1000,30000,none,0,,60014
series4_boundaries,baseline_500,14,series4_boundaries__baseline_500__rep14,exp_source,mean,cusum,,,0,,False,99.98611093206166,1.1563351498512795,500,1000,30000,none,0,,60014
series4_boundaries,baseline_500,14,series4_boundaries__baseline_500__rep14,exp_source,mean,ewma,,,0,,False,99.98611093206166,1.1563351498512795,500,1000,30000,none,0,,60014
series4_boundaries,baseline_500,15,series4_boundaries__baseline_500__rep15,exp_source,mean,shewhart,,489,2,489,True,99.98484453598577,1.1316443999106174,500,1000,30000,none,0,,60015
series4_boundaries,baseline_500,15,series4_boundaries__baseline_500__rep15,exp_source,mean,cusum,,17,5,17,True,99.98484453598577,1.1316443999106174,500,1000,30000,none,0,,60015
series4_boundaries,baseline_500,15,series4_boundaries__baseline_500__rep15,exp_source,mean,ewma,,16,5,16,True,99.98484453598577,1.1316443999106174,500,1000,30000,none,0,,60015
series4_boundaries,baseline_500,16,series4_boundaries__baseline_500__rep16,exp_source,mean,shewhart,,290.0,4,290.0,True,99.90468166416862,1.1428658870524078,500,1000,30000,none,0,,60016
series4_boundaries,baseline_500,16,series4_boundaries__baseline_500__rep16,exp_source,mean,cusum,,700.0,1,700.0,True,99.90468166416862,1.1428658870524078,500,1000,30000,none,0,,60016
series4_boundaries,baseline_500,16,series4_boundaries__baseline_500__rep16,exp_source,mean,ewma,,,0,,False,99.90468166416862,1.1428658870524078,500,1000,30000,none,0,,60016
series4_boundaries,baseline_500,17,series4_boundaries__baseline_500__rep17,exp_source,mean,shewhart,,,0,,False,99.96230197649001,1.191873302027668,500,1000,30000,none,0,,60017
series4_boundaries,baseline_500,17,series4_boundaries__baseline_500__rep17,exp_source,mean,cusum,,,0,,False,99.96230197649001,1.191873302027668,500,1000,30000,none,0,,60017
series4_boundaries,baseline_500,17,series4_boundaries__baseline_500__rep17,exp_source,mean,ewma,,,0,,False,99.96230197649001,1.191873302027668,500,1000,30000,none,0,,60017
series4_boundaries,baseline_500,18,series4_boundaries__baseline_500__rep18,exp_source,mean,shewhart,,211.0,1,211.0,True,99.98662847644671,1.1231507755521801,500,1000,30000,none,0,,60018
series4_boundaries,baseline_500,18,series4_boundaries__baseline_500__rep18,exp_source,mean,cusum,,53.0,6,53.0,True,99.98662847644671,1.1231507755521801,500,1000,30000,none,0,,60018
series4_boundaries,baseline_500,18,series4_boundaries__baseline_500__rep18,exp_source,mean,ewma,,,0,,False,99.98662847644671,1.1231507755521801,500,1000,30000,none,0,,60018
series4_boundaries,baseline_500,19,series4_boundaries__baseline_500__rep19,exp_source,mean,shewhart,,590,2,590,True,99.98597220092962,1.0798065039647435,500,1000,30000,none,0,,60019
series4_boundaries,baseline_500,19,series4_boundaries__baseline_500__rep19,exp_source,mean,cusum,,304,3,304,True,99.98597220092962,1.0798065039647435,500,1000,30000,none,0,,60019
series4_boundaries,baseline_500,19,series4_boundaries__baseline_500__rep19,exp_source,mean,ewma,,168,3,168,True,99.98597220092962,1.0798065039647435,500,1000,30000,none,0,,60019
series4_boundaries,baseline_500,20,series4_boundaries__baseline_500__rep20,exp_source,mean,shewhart,,506,3,506,True,99.96348725751068,1.0913051510423146,500,1000,30000,none,0,,60020
series4_boundaries,baseline_500,20,series4_boundaries__baseline_500__rep20,exp_source,mean,cusum,,346,7,346,True,99.96348725751068,1.0913051510423146,500,1000,30000,none,0,,60020
series4_boundaries,baseline_500,20,series4_boundaries__baseline_500__rep20,exp_source,mean,ewma,,346,7,346,True,99.96348725751068,1.0913051510423146,500,1000,30000,none,0,,60020
series4_boundaries,baseline_500,21,series4_boundaries__baseline_500__rep21,exp_source,mean,shewhart,,266,2,266,True,99.99013950723227,1.057922035778128,500,1000,30000,none,0,,60021
series4_boundaries,baseline_500,21,series4_boundaries__baseline_500__rep21,exp_source,mean,cusum,,148,3,148,True,99.99013950723227,1.057922035778128,500,1000,30000,none,0,,60021
series4_boundaries,baseline_500,21,series4_boundaries__baseline_500__rep21,exp_source,mean,ewma,,437,1,437,True,99.99013950723227,1.057922035778128,500,1000,30000,none,0,,60021
series4_boundaries,baseline_500,22,series4_boundaries__baseline_500__rep22,exp_source,mean,shewhart,,154,4,154,True,99.91514912387356,1.0492641281261432,500,1000,30000,none,0,,60022
series4_boundaries,baseline_500,22,series4_boundaries__baseline_500__rep22,exp_source,mean,cusum,,157,7,157,True,99.91514912387356,1.0492641281261432,500,1000,30000,none,0,,60022
series4_boundaries,baseline_500,22,series4_boundaries__baseline_500__rep22,exp_source,mean,ewma,,2,5,2,True,99.91514912387356,1.0492641281261432,500,1000,30000,none,0,,60022
series4_boundaries,baseline_500,23,series4_boundaries__baseline_500__rep23,exp_source,mean,shewhart,,24,4,24,True,99.97491298385052,1.1033016152827757,500,1000,30000,none,0,,60023
series4_boundaries,baseline_500,23,series4_boundaries__baseline_500__rep23,exp_source,mean,cusum,,45,6,45,True,99.97491298385052,1.1033016152827757,500,1000,30000,none,0,,60023
series4_boundaries,baseline_500,23,series4_boundaries__baseline_500__rep23,exp_source,mean,ewma,,47,4,47,True,99.97491298385052,1.1033016152827757,500,1000,30000,none,0,,60023
series4_boundaries,baseline_500,24,series4_boundaries__baseline_500__rep24,exp_source,mean,shewhart,,159,2,159,True,100.08466529728874,1.1319986178686106,500,1000,30000,none,0,,60024
series4_boundaries,baseline_500,24,series4_boundaries__baseline_500__rep24,exp_source,mean,cusum,,411,3,411,True,100.08466529728874,1.1319986178686106,500,1000,30000,none,0,,60024
series4_boundaries,baseline_500,24,series4_boundaries__baseline_500__rep24,exp_source,mean,ewma,,411,3,411,True,100.08466529728874,1.1319986178686106,500,1000,30000,none,0,,60024
series4_boundaries,baseline_500,25,series4_boundaries__baseline_500__rep25,exp_source,mean,shewhart,,70,3,70,True,99.98404107000125,1.1170163461248772,500,1000,30000,none,0,,60025
series4_boundaries,baseline_500,25,series4_boundaries__baseline_500__rep25,exp_source,mean,cusum,,472,1,472,True,99.98404107000125,1.1170163461248772,500,1000,30000,none,0,,60025
series4_boundaries,baseline_500,25,series4_boundaries__baseline_500__rep25,exp_source,mean,ewma,,289,1,289,True,99.98404107000125,1.1170163461248772,500,1000,30000,none,0,,60025
series4_boundaries,baseline_500,26,series4_boundaries__baseline_500__rep26,exp_source,mean,shewhart,,255,6,255,True,100.00627611877458,1.084776225488227,500,1000,30000,none,0,,60026
series4_boundaries,baseline_500,26,series4_boundaries__baseline_500__rep26,exp_source,mean,cusum,,538,1,538,True,100.00627611877458,1.084776225488227,500,1000,30000,none,0,,60026
series4_boundaries,baseline_500,26,series4_boundaries__baseline_500__rep26,exp_source,mean,ewma,,534,1,534,True,100.00627611877458,1.084776225488227,500,1000,30000,none,0,,60026
series4_boundaries,baseline_500,27,series4_boundaries__baseline_500__rep27,exp_source,mean,shewhart,,49,6,49,True,99.96868793216092,1.0808303117432592,500,1000,30000,none,0,,60027
series4_boundaries,baseline_500,27,series4_boundaries__baseline_500__rep27,exp_source,mean,cusum,,26,8,26,True,99.96868793216092,1.0808303117432592,500,1000,30000,none,0,,60027
series4_boundaries,baseline_500,27,series4_boundaries__baseline_500__rep27,exp_source,mean,ewma,,25,7,25,True,99.96868793216092,1.0808303117432592,500,1000,30000,none,0,,60027
series4_boundaries,baseline_500,28,series4_boundaries__baseline_500__rep28,exp_source,mean,shewhart,,302,3,302,True,100.0453622923906,1.035788742185997,500,1000,30000,none,0,,60028
series4_boundaries,baseline_500,28,series4_boundaries__baseline_500__rep28,exp_source,mean,cusum,,352,11,352,True,100.0453622923906,1.035788742185997,500,1000,30000,none,0,,60028
series4_boundaries,baseline_500,28,series4_boundaries__baseline_500__rep28,exp_source,mean,ewma,,352,10,352,True,100.0453622923906,1.035788742185997,500,1000,30000,none,0,,60028
series4_boundaries,baseline_500,29,series4_boundaries__baseline_500__rep29,exp_source,mean,shewhart,,94,2,94,True,99.9800730704937,1.1270029847059537,500,1000,30000,none,0,,60029
series4_boundaries,baseline_500,29,series4_boundaries__baseline_500__rep29,exp_source,mean,cusum,,445,1,445,True,99.9800730704937,1.1270029847059537,500,1000,30000,none,0,,60029
series4_boundaries,baseline_500,29,series4_boundaries__baseline_500__rep29,exp_source,mean,ewma,,445,4,445,True,99.9800730704937,1.1270029847059537,500,1000,30000,none,0,,60029
series4_boundaries,baseline_500,30,series4_boundaries__baseline_500__rep30,exp_source,mean,shewhart,,7.0,4,7.0,True,100.08686390584367,1.0893636117528291,500,1000,30000,none,0,,60030
series4_boundaries,baseline_500,30,series4_boundaries__baseline_500__rep30,exp_source,mean,cusum,,211.0,3,211.0,True,100.08686390584367,1.0893636117528291,500,1000,30000,none,0,,60030
series4_boundaries,baseline_500,30,series4_boundaries__baseline_500__rep30,exp_source,mean,ewma,,,0,,False,100.08686390584367,1.0893636117528291,500,1000,30000,none,0,,60030
series4_boundaries,baseline_500,31,series4_boundaries__baseline_500__rep31,exp_source,mean,shewhart,,,0,,False,100.04267726139868,1.1638195053846496,500,1000,30000,none,0,,60031
series4_boundaries,baseline_500,31,series4_boundaries__baseline_500__rep31,exp_source,mean,cusum,,190.0,3,190.0,True,100.04267726139868,1.1638195053846496,500,1000,30000,none,0,,60031
series4_boundaries,baseline_500,31,series4_boundaries__baseline_500__rep31,exp_source,mean,ewma,,188.0,4,188.0,True,100.04267726139868,1.1638195053846496,500,1000,30000,none,0,,60031
series4_boundaries,baseline_500,32,series4_boundaries__baseline_500__rep32,exp_source,mean,shewhart,,314,1,314,True,100.02514197313302,1.1323092130328063,500,1000,30000,none,0,,60032
series4_boundaries,baseline_500,32,series4_boundaries__baseline_500__rep32,exp_source,mean,cusum,,81,2,81,True,100.02514197313302,1.1323092130328063,500,1000,30000,none,0,,60032
series4_boundaries,baseline_500,32,series4_boundaries__baseline_500__rep32,exp_source,mean,ewma,,81,2,81,True,100.02514197313302,1.1323092130328063,500,1000,30000,none,0,,60032
series4_boundaries,baseline_500,33,series4_boundaries__baseline_500__rep33,exp_source,mean,shewhart,,100,9,100,True,99.9614420221349,1.0688563304306007,500,1000,30000,none,0,,60033
series4_boundaries,baseline_500,33,series4_boundaries__baseline_500__rep33,exp_source,mean,cusum,,408,3,408,True,99.9614420221349,1.0688563304306007,500,1000,30000,none,0,,60033
series4_boundaries,baseline_500,33,series4_boundaries__baseline_500__rep33,exp_source,mean,ewma,,262,7,262,True,99.9614420221349,1.0688563304306007,500,1000,30000,none,0,,60033
series4_boundaries,baseline_500,34,series4_boundaries__baseline_500__rep34,exp_source,mean,shewhart,,292,7,292,True,100.05410322463838,1.1046029788244536,500,1000,30000,none,0,,60034
series4_boundaries,baseline_500,34,series4_boundaries__baseline_500__rep34,exp_source,mean,cusum,,666,1,666,True,100.05410322463838,1.1046029788244536,500,1000,30000,none,0,,60034
series4_boundaries,baseline_500,34,series4_boundaries__baseline_500__rep34,exp_source,mean,ewma,,667,2,667,True,100.05410322463838,1.1046029788244536,500,1000,30000,none,0,,60034
series4_boundaries,baseline_500,35,series4_boundaries__baseline_500__rep35,exp_source,mean,shewhart,,358,4,358,True,100.02525060255732,1.0927452215675972,500,1000,30000,none,0,,60035
series4_boundaries,baseline_500,35,series4_boundaries__baseline_500__rep35,exp_source,mean,cusum,,154,5,154,True,100.02525060255732,1.0927452215675972,500,1000,30000,none,0,,60035
series4_boundaries,baseline_500,35,series4_boundaries__baseline_500__rep35,exp_source,mean,ewma,,57,7,57,True,100.02525060255732,1.0927452215675972,500,1000,30000,none,0,,60035
series4_boundaries,baseline_500,36,series4_boundaries__baseline_500__rep36,exp_source,mean,shewhart,,,0,,False,99.9551797264658,1.1272144877123862,500,1000,30000,none,0,,60036
series4_boundaries,baseline_500,36,series4_boundaries__baseline_500__rep36,exp_source,mean,cusum,,326.0,7,326.0,True,99.9551797264658,1.1272144877123862,500,1000,30000,none,0,,60036
series4_boundaries,baseline_500,36,series4_boundaries__baseline_500__rep36,exp_source,mean,ewma,,326.0,11,326.0,True,99.9551797264658,1.1272144877123862,500,1000,30000,none,0,,60036
series4_boundaries,baseline_500,37,series4_boundaries__baseline_500__rep37,exp_source,mean,shewhart,,382,3,382,True,100.01610476843119,1.1576972153792842,500,1000,30000,none,0,,60037
series4_boundaries,baseline_500,37,series4_boundaries__baseline_500__rep37,exp_source,mean,cusum,,710,2,710,True,100.01610476843119,1.1576972153792842,500,1000,30000,none,0,,60037
series4_boundaries,baseline_500,37,series4_boundaries__baseline_500__rep37,exp_source,mean,ewma,,563,5,563,True,100.01610476843119,1.1576972153792842,500,1000,30000,none,0,,60037
series4_boundaries,baseline_500,38,series4_boundaries__baseline_500__rep38,exp_source,mean,shewhart,,4.0,3,4.0,True,100.03323604923496,1.182884416916358,500,1000,30000,none,0,,60038
series4_boundaries,baseline_500,38,series4_boundaries__baseline_500__rep38,exp_source,mean,cusum,,185.0,2,185.0,True,100.03323604923496,1.182884416916358,500,1000,30000,none,0,,60038
series4_boundaries,baseline_500,38,series4_boundaries__baseline_500__rep38,exp_source,mean,ewma,,,0,,False,100.03323604923496,1.182884416916358,500,1000,30000,none,0,,60038
series4_boundaries,baseline_500,39,series4_boundaries__baseline_500__rep39,exp_source,mean,shewhart,,296.0,4,296.0,True,100.000115555817,1.100799066120595,500,1000,30000,none,0,,60039
series4_boundaries,baseline_500,39,series4_boundaries__baseline_500__rep39,exp_source,mean,cusum,,,0,,False,100.000115555817,1.100799066120595,500,1000,30000,none,0,,60039
series4_boundaries,baseline_500,39,series4_boundaries__baseline_500__rep39,exp_source,mean,ewma,,,0,,False,100.000115555817,1.100799066120595,500,1000,30000,none,0,,60039
series4_boundaries,baseline_500,40,series4_boundaries__baseline_500__rep40,exp_source,mean,shewhart,,995,1,995,True,100.005632083867,1.193660719359511,500,1000,30000,none,0,,60040
series4_boundaries,baseline_500,40,series4_boundaries__baseline_500__rep40,exp_source,mean,cusum,,500,2,500,True,100.005632083867,1.193660719359511,500,1000,30000,none,0,,60040
series4_boundaries,baseline_500,40,series4_boundaries__baseline_500__rep40,exp_source,mean,ewma,,781,2,781,True,100.005632083867,1.193660719359511,500,1000,30000,none,0,,60040
series4_boundaries,baseline_500,41,series4_boundaries__baseline_500__rep41,exp_source,mean,shewhart,,398.0,1,398.0,True,100.04024380611946,1.1097859686987979,500,1000,30000,none,0,,60041
series4_boundaries,baseline_500,41,series4_boundaries__baseline_500__rep41,exp_source,mean,cusum,,575.0,1,575.0,True,100.04024380611946,1.1097859686987979,500,1000,30000,none,0,,60041
series4_boundaries,baseline_500,41,series4_boundaries__baseline_500__rep41,exp_source,mean,ewma,,,0,,False,100.04024380611946,1.1097859686987979,500,1000,30000,none,0,,60041
series4_boundaries,baseline_500,42,series4_boundaries__baseline_500__rep42,exp_source,mean,shewhart,,29.0,2,29.0,True,99.9555885265058,1.1048556779842387,500,1000,30000,none,0,,60042
series4_boundaries,baseline_500,42,series4_boundaries__baseline_500__rep42,exp_source,mean,cusum,,336.0,1,336.0,True,99.9555885265058,1.1048556779842387,500,1000,30000,none,0,,60042
series4_boundaries,baseline_500,42,series4_boundaries__baseline_500__rep42,exp_source,mean,ewma,,,0,,False,99.9555885265058,1.1048556779842387,500,1000,30000,none,0,,60042
series4_boundaries,baseline_500,43,series4_boundaries__baseline_500__rep43,exp_source,mean,shewhart,,103.0,2,103.0,True,100.00487317286742,1.1692654530956383,500,1000,30000,none,0,,60043
series4_boundaries,baseline_500,43,series4_boundaries__baseline_500__rep43,exp_source,mean,cusum,,685.0,1,685.0,True,100.00487317286742,1.1692654530956383,500,1000,30000,none,0,,60043
series4_boundaries,baseline_500,43,series4_boundaries__baseline_500__rep43,exp_source,mean,ewma,,,0,,False,100.00487317286742,1.1692654530956383,500,1000,30000,none,0,,60043
series4_boundaries,baseline_500,44,series4_boundaries__baseline_500__rep44,exp_source,mean,shewhart,,263.0,4,263.0,True,100.00723877231506,1.1309317262343215,500,1000,30000,none,0,,60044
series4_boundaries,baseline_500,44,series4_boundaries__baseline_500__rep44,exp_source,mean,cusum,,976.0,1,976.0,True,100.00723877231506,1.1309317262343215,500,1000,30000,none,0,,60044
series4_boundaries,baseline_500,44,series4_boundaries__baseline_500__rep44,exp_source,mean,ewma,,,0,,False,100.00723877231506,1.1309317262343215,500,1000,30000,none,0,,60044
series4_boundaries,baseline_500,45,series4_boundaries__baseline_500__rep45,exp_source,mean,shewhart,,561,3,561,True,100.0384623516573,1.1629952965194292,500,1000,30000,none,0,,60045
series4_boundaries,baseline_500,45,series4_boundaries__baseline_500__rep45,exp_source,mean,cusum,,222,1,222,True,100.0384623516573,1.1629952965194292,500,1000,30000,none,0,,60045
series4_boundaries,baseline_500,45,series4_boundaries__baseline_500__rep45,exp_source,mean,ewma,,216,1,216,True,100.0384623516573,1.1629952965194292,500,1000,30000,none,0,,60045
series4_boundaries,baseline_500,46,series4_boundaries__baseline_500__rep46,exp_source,mean,shewhart,,330,2,330,True,99.89957670981433,1.0523595608098255,500,1000,30000,none,0,,60046
series4_boundaries,baseline_500,46,series4_boundaries__baseline_500__rep46,exp_source,mean,cusum,,218,6,218,True,99.89957670981433,1.0523595608098255,500,1000,30000,none,0,,60046
series4_boundaries,baseline_500,46,series4_boundaries__baseline_500__rep46,exp_source,mean,ewma,,147,5,147,True,99.89957670981433,1.0523595608098255,500,1000,30000,none,0,,60046
series4_boundaries,baseline_500,47,series4_boundaries__baseline_500__rep47,exp_source,mean,shewhart,,102,5,102,True,100.06160684998842,1.0406395570879974,500,1000,30000,none,0,,60047
series4_boundaries,baseline_500,47,series4_boundaries__baseline_500__rep47,exp_source,mean,cusum,,103,5,103,True,100.06160684998842,1.0406395570879974,500,1000,30000,none,0,,60047
series4_boundaries,baseline_500,47,series4_boundaries__baseline_500__rep47,exp_source,mean,ewma,,103,4,103,True,100.06160684998842,1.0406395570879974,500,1000,30000,none,0,,60047
series4_boundaries,baseline_500,48,series4_boundaries__baseline_500__rep48,exp_source,mean,shewhart,,412,4,412,True,99.95629996567273,1.0743295816637197,500,1000,30000,none,0,,60048
series4_boundaries,baseline_500,48,series4_boundaries__baseline_500__rep48,exp_source,mean,cusum,,229,7,229,True,99.95629996567273,1.0743295816637197,500,1000,30000,none,0,,60048
series4_boundaries,baseline_500,48,series4_boundaries__baseline_500__rep48,exp_source,mean,ewma,,232,8,232,True,99.95629996567273,1.0743295816637197,500,1000,30000,none,0,,60048
series4_boundaries,baseline_500,49,series4_boundaries__baseline_500__rep49,exp_source,mean,shewhart,,165,3,165,True,100.01886718280315,1.0996833276373552,500,1000,30000,none,0,,60049
series4_boundaries,baseline_500,49,series4_boundaries__baseline_500__rep49,exp_source,mean,cusum,,441,2,441,True,100.01886718280315,1.0996833276373552,500,1000,30000,none,0,,60049
series4_boundaries,baseline_500,49,series4_boundaries__baseline_500__rep49,exp_source,mean,ewma,,464,3,464,True,100.01886718280315,1.0996833276373552,500,1000,30000,none,0,,60049
series4_boundaries,baseline_500,50,series4_boundaries__baseline_500__rep50,exp_source,mean,shewhart,,54,3,54,True,99.95296805459503,1.0765839659367122,500,1000,30000,none,0,,60050
series4_boundaries,baseline_500,50,series4_boundaries__baseline_500__rep50,exp_source,mean,cusum,,26,3,26,True,99.95296805459503,1.0765839659367122,500,1000,30000,none,0,,60050
series4_boundaries,baseline_500,50,series4_boundaries__baseline_500__rep50,exp_source,mean,ewma,,319,1,319,True,99.95296805459503,1.0765839659367122,500,1000,30000,none,0,,60050
series4_boundaries,spikes_5pct,1,series4_boundaries__spikes_5pct__rep01,exp_source,mean,shewhart,1,1,60,1,False,100.03874284419571,1.0886269818875995,50,500,11000,spikes,0.05,1000,70001
series4_boundaries,spikes_5pct,1,series4_boundaries__spikes_5pct__rep01,exp_source,mean,cusum,1,6,39,6,False,100.03874284419571,1.0886269818875995,50,500,11000,spikes,0.05,1000,70001
series4_boundaries,spikes_5pct,1,series4_boundaries__spikes_5pct__rep01,exp_source,mean,ewma,1,1,39,1,False,100.03874284419571,1.0886269818875995,50,500,11000,spikes,0.05,1000,70001
series4_boundaries,spikes_5pct,2,series4_boundaries__spikes_5pct__rep02,exp_source,mean,shewhart,1,6,55,6,False,99.93351257877964,0.9675465637525492,50,500,11000,spikes,0.05,1000,70002
series4_boundaries,spikes_5pct,2,series4_boundaries__spikes_5pct__rep02,exp_source,mean,cusum,1,7,50,7,False,99.93351257877964,0.9675465637525492,50,500,11000,spikes,0.05,1000,70002
series4_boundaries,spikes_5pct,2,series4_boundaries__spikes_5pct__rep02,exp_source,mean,ewma,1,7,62,7,False,99.93351257877964,0.9675465637525492,50,500,11000,spikes,0.05,1000,70002
series4_boundaries,spikes_5pct,3,series4_boundaries__spikes_5pct__rep03,exp_source,mean,shewhart,1,2,46,2,False,100.09162630533386,1.1332099202813644,50,500,11000,spikes,0.05,1000,70003
series4_boundaries,spikes_5pct,3,series4_boundaries__spikes_5pct__rep03,exp_source,mean,cusum,1,24,31,24,False,100.09162630533386,1.1332099202813644,50,500,11000,spikes,0.05,1000,70003
series4_boundaries,spikes_5pct,3,series4_boundaries__spikes_5pct__rep03,exp_source,mean,ewma,1,24,42,24,False,100.09162630533386,1.1332099202813644,50,500,11000,spikes,0.05,1000,70003
series4_boundaries,spikes_5pct,4,series4_boundaries__spikes_5pct__rep04,exp_source,mean,shewhart,1,19,16,19,False,100.18013499054553,1.3648767105065185,50,500,11000,spikes,0.05,1000,70004
series4_boundaries,spikes_5pct,4,series4_boundaries__spikes_5pct__rep04,exp_source,mean,cusum,1,115,10,115,False,100.18013499054553,1.3648767105065185,50,500,11000,spikes,0.05,1000,70004
series4_boundaries,spikes_5pct,4,series4_boundaries__spikes_5pct__rep04,exp_source,mean,ewma,1,116,13,116,False,100.18013499054553,1.3648767105065185,50,500,11000,spikes,0.05,1000,70004
series4_boundaries,spikes_5pct,5,series4_boundaries__spikes_5pct__rep05,exp_source,mean,shewhart,1,13,42,13,False,100.13032099977127,1.0507346756543514,50,500,11000,spikes,0.05,1000,70005
series4_boundaries,spikes_5pct,5,series4_boundaries__spikes_5pct__rep05,exp_source,mean,cusum,1,13,31,13,False,100.13032099977127,1.0507346756543514,50,500,11000,spikes,0.05,1000,70005
series4_boundaries,spikes_5pct,5,series4_boundaries__spikes_5pct__rep05,exp_source,mean,ewma,1,13,43,13,False,100.13032099977127,1.0507346756543514,50,500,11000,spikes,0.05,1000,70005
series4_boundaries,spikes_5pct,6,series4_boundaries__spikes_5pct__rep06,exp_source,mean,shewhart,1,4,38,4,False,100.17345511755538,1.1414462073559415,50,500,11000,spikes,0.05,1000,70006
series4_boundaries,spikes_5pct,6,series4_boundaries__spikes_5pct__rep06,exp_source,mean,cusum,1,7,36,7,False,100.17345511755538,1.1414462073559415,50,500,11000,spikes,0.05,1000,70006
series4_boundaries,spikes_5pct,6,series4_boundaries__spikes_5pct__rep06,exp_source,mean,ewma,1,4,40,4,False,100.17345511755538,1.1414462073559415,50,500,11000,spikes,0.05,1000,70006
series4_boundaries,spikes_5pct,7,series4_boundaries__spikes_5pct__rep07,exp_source,mean,shewhart,1,16,41,16,False,100.0048438590195,1.060065963885761,50,500,11000,spikes,0.05,1000,70007
series4_boundaries,spikes_5pct,7,series4_boundaries__spikes_5pct__rep07,exp_source,mean,cusum,1,22,25,22,False,100.0048438590195,1.060065963885761,50,500,11000,spikes,0.05,1000,70007
series4_boundaries,spikes_5pct,7,series4_boundaries__spikes_5pct__rep07,exp_source,mean,ewma,1,22,33,22,False,100.0048438590195,1.060065963885761,50,500,11000,spikes,0.05,1000,70007
series4_boundaries,spikes_5pct,8,series4_boundaries__spikes_5pct__rep08,exp_source,mean,shewhart,1,5,64,5,False,99.81229063745822,0.9295953109396626,50,500,11000,spikes,0.05,1000,70008
series4_boundaries,spikes_5pct,8,series4_boundaries__spikes_5pct__rep08,exp_source,mean,cusum,1,7,56,7,False,99.81229063745822,0.9295953109396626,50,500,11000,spikes,0.05,1000,70008
series4_boundaries,spikes_5pct,8,series4_boundaries__spikes_5pct__rep08,exp_source,mean,ewma,1,5,79,5,False,99.81229063745822,0.9295953109396626,50,500,11000,spikes,0.05,1000,70008
series4_boundaries,spikes_5pct,9,series4_boundaries__spikes_5pct__rep09,exp_source,mean,shewhart,1,1,51,1,False,99.81301695318282,1.0451866409936144,50,500,11000,spikes,0.05,1000,70009
series4_boundaries,spikes_5pct,9,series4_boundaries__spikes_5pct__rep09,exp_source,mean,cusum,1,2,37,2,False,99.81301695318282,1.0451866409936144,50,500,11000,spikes,0.05,1000,70009
series4_boundaries,spikes_5pct,9,series4_boundaries__spikes_5pct__rep09,exp_source,mean,ewma,1,1,54,1,False,99.81301695318282,1.0451866409936144,50,500,11000,spikes,0.05,1000,70009
series4_boundaries,spikes_5pct,10,series4_boundaries__spikes_5pct__rep10,exp_source,mean,shewhart,1,3,90,3,False,99.86938457257429,0.8283776331143503,50,500,11000,spikes,0.05,1000,70010
series4_boundaries,spikes_5pct,10,series4_boundaries__spikes_5pct__rep10,exp_source,mean,cusum,1,18,77,18,False,99.86938457257429,0.8283776331143503,50,500,11000,spikes,0.05,1000,70010
series4_boundaries,spikes_5pct,10,series4_boundaries__spikes_5pct__rep10,exp_source,mean,ewma,1,18,109,18,False,99.86938457257429,0.8283776331143503,50,500,11000,spikes,0.05,1000,70010
series4_boundaries,spikes_5pct,11,series4_boundaries__spikes_5pct__rep11,exp_source,mean,shewhart,1,12,58,12,False,99.68813611084204,0.962975572493763,50,500,11000,spikes,0.05,1000,70011
series4_boundaries,spikes_5pct,11,series4_boundaries__spikes_5pct__rep11,exp_source,mean,cusum,1,37,53,37,False,99.68813611084204,0.962975572493763,50,500,11000,spikes,0.05,1000,70011
series4_boundaries,spikes_5pct,11,series4_boundaries__spikes_5pct__rep11,exp_source,mean,ewma,1,37,78,37,False,99.68813611084204,0.962975572493763,50,500,11000,spikes,0.05,1000,70011
series4_boundaries,spikes_5pct,12,series4_boundaries__spikes_5pct__rep12,exp_source,mean,shewhart,1,2,38,2,False,100.24487860498827,1.088393758038568,50,500,11000,spikes,0.05,1000,70012
series4_boundaries,spikes_5pct,12,series4_boundaries__spikes_5pct__rep12,exp_source,mean,cusum,1,8,36,8,False,100.24487860498827,1.088393758038568,50,500,11000,spikes,0.05,1000,70012
series4_boundaries,spikes_5pct,12,series4_boundaries__spikes_5pct__rep12,exp_source,mean,ewma,1,3,50,3,False,100.24487860498827,1.088393758038568,50,500,11000,spikes,0.05,1000,70012
series4_boundaries,spikes_5pct,13,series4_boundaries__spikes_5pct__rep13,exp_source,mean,shewhart,1,5,25,5,False,100.11108370015127,1.2414545071426353,50,500,11000,spikes,0.05,1000,70013
series4_boundaries,spikes_5pct,13,series4_boundaries__spikes_5pct__rep13,exp_source,mean,cusum,1,51,12,51,False,100.11108370015127,1.2414545071426353,50,500,11000,spikes,0.05,1000,70013
series4_boundaries,spikes_5pct,13,series4_boundaries__spikes_5pct__rep13,exp_source,mean,ewma,1,6,34,6,False,100.11108370015127,1.2414545071426353,50,500,11000,spikes,0.05,1000,70013
series4_boundaries,spikes_5pct,14,series4_boundaries__spikes_5pct__rep14,exp_source,mean,shewhart,1,20,55,20,False,100.24713518086116,0.989998778257209,50,500,11000,spikes,0.05,1000,70014
series4_boundaries,spikes_5pct,14,series4_boundaries__spikes_5pct__rep14,exp_source,mean,cusum,1,20,43,20,False,100.24713518086116,0.989998778257209,50,500,11000,spikes,0.05,1000,70014
series4_boundaries,spikes_5pct,14,series4_boundaries__spikes_5pct__rep14,exp_source,mean,ewma,1,20,60,20,False,100.24713518086116,0.989998778257209,50,500,11000,spikes,0.05,1000,70014
series4_boundaries,spikes_5pct,15,series4_boundaries__spikes_5pct__rep15,exp_source,mean,shewhart,1,3,56,3,False,100.10457790226945,0.9838303243562609,50,500,11000,spikes,0.05,1000,70015
series4_boundaries,spikes_5pct,15,series4_boundaries__spikes_5pct__rep15,exp_source,mean,cusum,1,3,49,3,False,100.10457790226945,0.9838303243562609,50,500,11000,spikes,0.05,1000,70015
series4_boundaries,spikes_5pct,15,series4_boundaries__spikes_5pct__rep15,exp_source,mean,ewma,1,3,78,3,False,100.10457790226945,0.9838303243562609,50,500,11000,spikes,0.05,1000,70015
series4_boundaries,spikes_5pct,16,series4_boundaries__spikes_5pct__rep16,exp_source,mean,shewhart,1,18,31,18,False,100.03030572465715,1.1527691093186807,50,500,11000,spikes,0.05,1000,70016
series4_boundaries,spikes_5pct,16,series4_boundaries__spikes_5pct__rep16,exp_source,mean,cusum,1,7,18,7,False,100.03030572465715,1.1527691093186807,50,500,11000,spikes,0.05,1000,70016
series4_boundaries,spikes_5pct,16,series4_boundaries__spikes_5pct__rep16,exp_source,mean,ewma,1,7,19,7,False,100.03030572465715,1.1527691093186807,50,500,11000,spikes,0.05,1000,70016
series4_boundaries,spikes_5pct,17,series4_boundaries__spikes_5pct__rep17,exp_source,mean,shewhart,1,49,46,49,False,99.9033346341441,1.121164006279535,50,500,11000,spikes,0.05,1000,70017
series4_boundaries,spikes_5pct,17,series4_boundaries__spikes_5pct__rep17,exp_source,mean,cusum,1,50,40,50,False,99.9033346341441,1.121164006279535,50,500,11000,spikes,0.05,1000,70017
series4_boundaries,spikes_5pct,17,series4_boundaries__spikes_5pct__rep17,exp_source,mean,ewma,1,8,69,8,False,99.9033346341441,1.121164006279535,50,500,11000,spikes,0.05,1000,70017
series4_boundaries,spikes_5pct,18,series4_boundaries__spikes_5pct__rep18,exp_source,mean,shewhart,1,17,38,17,False,100.21098422908828,1.0739947955393057,50,500,11000,spikes,0.05,1000,70018
series4_boundaries,spikes_5pct,18,series4_boundaries__spikes_5pct__rep18,exp_source,mean,cusum,1,25,29,25,False,100.21098422908828,1.0739947955393057,50,500,11000,spikes,0.05,1000,70018
series4_boundaries,spikes_5pct,18,series4_boundaries__spikes_5pct__rep18,exp_source,mean,ewma,1,17,36,17,False,100.21098422908828,1.0739947955393057,50,500,11000,spikes,0.05,1000,70018
series4_boundaries,spikes_5pct,19,series4_boundaries__spikes_5pct__rep19,exp_source,mean,shewhart,1,1,49,1,False,100.17456713332446,1.0220928325996104,50,500,11000,spikes,0.05,1000,70019
series4_boundaries,spikes_5pct,19,series4_boundaries__spikes_5pct__rep19,exp_source,mean,cusum,1,10,42,10,False,100.17456713332446,1.0220928325996104,50,500,11000,spikes,0.05,1000,70019
series4_boundaries,spikes_5pct,19,series4_boundaries__spikes_5pct__rep19,exp_source,mean,ewma,1,1,65,1,False,100.17456713332446,1.0220928325996104,50,500,11000,spikes,0.05,1000,70019
series4_boundaries,spikes_5pct,20,series4_boundaries__spikes_5pct__rep20,exp_source,mean,shewhart,1,18,47,18,False,99.97761831063252,1.0490867553854173,50,500,11000,spikes,0.05,1000,70020
series4_boundaries,spikes_5pct,20,series4_boundaries__spikes_5pct__rep20,exp_source,mean,cusum,1,34,31,34,False,99.97761831063252,1.0490867553854173,50,500,11000,spikes,0.05,1000,70020
series4_boundaries,spikes_5pct,20,series4_boundaries__spikes_5pct__rep20,exp_source,mean,ewma,1,35,39,35,False,99.97761831063252,1.0490867553854173,50,500,11000,spikes,0.05,1000,70020
series4_boundaries,spikes_5pct,21,series4_boundaries__spikes_5pct__rep21,exp_source,mean,shewhart,1,1,41,1,False,99.74956811505066,1.1043840663823845,50,500,11000,spikes,0.05,1000,70021
series4_boundaries,spikes_5pct,21,series4_boundaries__spikes_5pct__rep21,exp_source,mean,cusum,1,10,38,10,False,99.74956811505066,1.1043840663823845,50,500,11000,spikes,0.05,1000,70021
series4_boundaries,spikes_5pct,21,series4_boundaries__spikes_5pct__rep21,exp_source,mean,ewma,1,1,54,1,False,99.74956811505066,1.1043840663823845,50,500,11000,spikes,0.05,1000,70021
series4_boundaries,spikes_5pct,22,series4_boundaries__spikes_5pct__rep22,exp_source,mean,shewhart,1,4,89,4,False,100.2132230577139,0.9142273802289679,50,500,11000,spikes,0.05,1000,70022
series4_boundaries,spikes_5pct,22,series4_boundaries__spikes_5pct__rep22,exp_source,mean,cusum,1,15,69,15,False,100.2132230577139,0.9142273802289679,50,500,11000,spikes,0.05,1000,70022
series4_boundaries,spikes_5pct,22,series4_boundaries__spikes_5pct__rep22,exp_source,mean,ewma,1,4,78,4,False,100.2132230577139,0.9142273802289679,50,500,11000,spikes,0.05,1000,70022
series4_boundaries,spikes_5pct,23,series4_boundaries__spikes_5pct__rep23,exp_source,mean,shewhart,1,8,39,8,False,99.8163635671984,1.1273167470436936,50,500,11000,spikes,0.05,1000,70023
series4_boundaries,spikes_5pct,23,series4_boundaries__spikes_5pct__rep23,exp_source,mean,cusum,1,14,18,14,False,99.8163635671984,1.1273167470436936,50,500,11000,spikes,0.05,1000,70023
series4_boundaries,spikes_5pct,23,series4_boundaries__spikes_5pct__rep23,exp_source,mean,ewma,1,8,36,8,False,99.8163635671984,1.1273167470436936,50,500,11000,spikes,0.05,1000,70023
series4_boundaries,spikes_5pct,24,series4_boundaries__spikes_5pct__rep24,exp_source,mean,shewhart,1,15,50,15,False,99.94521106560472,1.0747370640768306,50,500,11000,spikes,0.05,1000,70024
series4_boundaries,spikes_5pct,24,series4_boundaries__spikes_5pct__rep24,exp_source,mean,cusum,1,34,39,34,False,99.94521106560472,1.0747370640768306,50,500,11000,spikes,0.05,1000,70024
series4_boundaries,spikes_5pct,24,series4_boundaries__spikes_5pct__rep24,exp_source,mean,ewma,1,27,27,27,False,99.94521106560472,1.0747370640768306,50,500,11000,spikes,0.05,1000,70024
series4_boundaries,spikes_5pct,25,series4_boundaries__spikes_5pct__rep25,exp_source,mean,shewhart,1,1,54,1,False,100.01194957213204,1.053651440646679,50,500,11000,spikes,0.05,1000,70025
series4_boundaries,spikes_5pct,25,series4_boundaries__spikes_5pct__rep25,exp_source,mean,cusum,1,1,47,1,False,100.01194957213204,1.053651440646679,50,500,11000,spikes,0.05,1000,70025
series4_boundaries,spikes_5pct,25,series4_boundaries__spikes_5pct__rep25,exp_source,mean,ewma,1,1,43,1,False,100.01194957213204,1.053651440646679,50,500,11000,spikes,0.05,1000,70025
series4_boundaries,spikes_5pct,26,series4_boundaries__spikes_5pct__rep26,exp_source,mean,shewhart,1,26,43,26,False,99.94198356044323,1.0584815289033704,50,500,11000,spikes,0.05,1000,70026
series4_boundaries,spikes_5pct,26,series4_boundaries__spikes_5pct__rep26,exp_source,mean,cusum,1,27,29,27,False,99.94198356044323,1.0584815289033704,50,500,11000,spikes,0.05,1000,70026
series4_boundaries,spikes_5pct,26,series4_boundaries__spikes_5pct__rep26,exp_source,mean,ewma,1,27,48,27,False,99.94198356044323,1.0584815289033704,50,500,11000,spikes,0.05,1000,70026
series4_boundaries,spikes_5pct,27,series4_boundaries__spikes_5pct__rep27,exp_source,mean,shewhart,1,4,41,4,False,99.8475762562413,1.1015827062489,50,500,11000,spikes,0.05,1000,70027
series4_boundaries,spikes_5pct,27,series4_boundaries__spikes_5pct__rep27,exp_source,mean,cusum,1,4,25,4,False,99.8475762562413,1.1015827062489,50,500,11000,spikes,0.05,1000,70027
series4_boundaries,spikes_5pct,27,series4_boundaries__spikes_5pct__rep27,exp_source,mean,ewma,1,4,41,4,False,99.8475762562413,1.1015827062489,50,500,11000,spikes,0.05,1000,70027
series4_boundaries,spikes_5pct,28,series4_boundaries__spikes_5pct__rep28,exp_source,mean,shewhart,1,15,46,15,False,100.30020817999927,1.1612471975112328,50,500,11000,spikes,0.05,1000,70028
series4_boundaries,spikes_5pct,28,series4_boundaries__spikes_5pct__rep28,exp_source,mean,cusum,1,15,37,15,False,100.30020817999927,1.1612471975112328,50,500,11000,spikes,0.05,1000,70028
series4_boundaries,spikes_5pct,28,series4_boundaries__spikes_5pct__rep28,exp_source,mean,ewma,1,15,49,15,False,100.30020817999927,1.1612471975112328,50,500,11000,spikes,0.05,1000,70028
series4_boundaries,spikes_5pct,29,series4_boundaries__spikes_5pct__rep29,exp_source,mean,shewhart,1,9,27,9,False,99.81554441130864,1.2386895626626793,50,500,11000,spikes,0.05,1000,70029
series4_boundaries,spikes_5pct,29,series4_boundaries__spikes_5pct__rep29,exp_source,mean,cusum,1,19,27,19,False,99.81554441130864,1.2386895626626793,50,500,11000,spikes,0.05,1000,70029
series4_boundaries,spikes_5pct,29,series4_boundaries__spikes_5pct__rep29,exp_source,mean,ewma,1,19,41,19,False,99.81554441130864,1.2386895626626793,50,500,11000,spikes,0.05,1000,70029
series4_boundaries,spikes_5pct,30,series4_boundaries__spikes_5pct__rep30,exp_source,mean,shewhart,1,5,44,5,False,100.15922685203694,1.0454763477150084,50,500,11000,spikes,0.05,1000,70030
series4_boundaries,spikes_5pct,30,series4_boundaries__spikes_5pct__rep30,exp_source,mean,cusum,1,24,41,24,False,100.15922685203694,1.0454763477150084,50,500,11000,spikes,0.05,1000,70030
series4_boundaries,spikes_5pct,30,series4_boundaries__spikes_5pct__rep30,exp_source,mean,ewma,1,25,60,25,False,100.15922685203694,1.0454763477150084,50,500,11000,spikes,0.05,1000,70030
series4_boundaries,spikes_5pct,31,series4_boundaries__spikes_5pct__rep31,exp_source,mean,shewhart,1,12,33,12,False,99.94054131108244,1.1151720172835038,50,500,11000,spikes,0.05,1000,70031
series4_boundaries,spikes_5pct,31,series4_boundaries__spikes_5pct__rep31,exp_source,mean,cusum,1,20,31,20,False,99.94054131108244,1.1151720172835038,50,500,11000,spikes,0.05,1000,70031
series4_boundaries,spikes_5pct,31,series4_boundaries__spikes_5pct__rep31,exp_source,mean,ewma,1,20,45,20,False,99.94054131108244,1.1151720172835038,50,500,11000,spikes,0.05,1000,70031
series4_boundaries,spikes_5pct,32,series4_boundaries__spikes_5pct__rep32,exp_source,mean,shewhart,1,3,44,3,False,100.02989823308324,1.153074624076024,50,500,11000,spikes,0.05,1000,70032
series4_boundaries,spikes_5pct,32,series4_boundaries__spikes_5pct__rep32,exp_source,mean,cusum,1,10,31,10,False,100.02989823308324,1.153074624076024,50,500,11000,spikes,0.05,1000,70032
series4_boundaries,spikes_5pct,32,series4_boundaries__spikes_5pct__rep32,exp_source,mean,ewma,1,3,42,3,False,100.02989823308324,1.153074624076024,50,500,11000,spikes,0.05,1000,70032
series4_boundaries,spikes_5pct,33,series4_boundaries__spikes_5pct__rep33,exp_source,mean,shewhart,1,15,28,15,False,100.13351471804808,1.1338656982201656,50,500,11000,spikes,0.05,1000,70033
series4_boundaries,spikes_5pct,33,series4_boundaries__spikes_5pct__rep33,exp_source,mean,cusum,1,15,31,15,False,100.13351471804808,1.1338656982201656,50,500,11000,spikes,0.05,1000,70033
series4_boundaries,spikes_5pct,33,series4_boundaries__spikes_5pct__rep33,exp_source,mean,ewma,1,15,48,15,False,100.13351471804808,1.1338656982201656,50,500,11000,spikes,0.05,1000,70033
series4_boundaries,spikes_5pct,34,series4_boundaries__spikes_5pct__rep34,exp_source,mean,shewhart,1,12,64,12,False,99.7247863998315,0.978315559601788,50,500,11000,spikes,0.05,1000,70034
series4_boundaries,spikes_5pct,34,series4_boundaries__spikes_5pct__rep34,exp_source,mean,cusum,1,17,58,17,False,99.7247863998315,0.978315559601788,50,500,11000,spikes,0.05,1000,70034
series4_boundaries,spikes_5pct,34,series4_boundaries__spikes_5pct__rep34,exp_source,mean,ewma,1,17,89,17,False,99.7247863998315,0.978315559601788,50,500,11000,spikes,0.05,1000,70034
series4_boundaries,spikes_5pct,35,series4_boundaries__spikes_5pct__rep35,exp_source,mean,shewhart,1,4,48,4,False,100.01527921951784,1.0737718871247839,50,500,11000,spikes,0.05,1000,70035
series4_boundaries,spikes_5pct,35,series4_boundaries__spikes_5pct__rep35,exp_source,mean,cusum,1,4,42,4,False,100.01527921951784,1.0737718871247839,50,500,11000,spikes,0.05,1000,70035
series4_boundaries,spikes_5pct,35,series4_boundaries__spikes_5pct__rep35,exp_source,mean,ewma,1,4,43,4,False,100.01527921951784,1.0737718871247839,50,500,11000,spikes,0.05,1000,70035
series4_boundaries,spikes_5pct,36,series4_boundaries__spikes_5pct__rep36,exp_source,mean,shewhart,1,1,68,1,False,99.75179629148154,1.0356581418208897,50,500,11000,spikes,0.05,1000,70036
series4_boundaries,spikes_5pct,36,series4_boundaries__spikes_5pct__rep36,exp_source,mean,cusum,1,9,54,9,False,99.75179629148154,1.0356581418208897,50,500,11000,spikes,0.05,1000,70036
series4_boundaries,spikes_5pct,36,series4_boundaries__spikes_5pct__rep36,exp_source,mean,ewma,1,1,77,1,False,99.75179629148154,1.0356581418208897,50,500,11000,spikes,0.05,1000,70036
series4_boundaries,spikes_5pct,37,series4_boundaries__spikes_5pct__rep37,exp_source,mean,shewhart,1,30,31,30,False,99.78732096309525,1.2445815118237487,50,500,11000,spikes,0.05,1000,70037
series4_boundaries,spikes_5pct,37,series4_boundaries__spikes_5pct__rep37,exp_source,mean,cusum,1,31,19,31,False,99.78732096309525,1.2445815118237487,50,500,11000,spikes,0.05,1000,70037
series4_boundaries,spikes_5pct,37,series4_boundaries__spikes_5pct__rep37,exp_source,mean,ewma,1,31,32,31,False,99.78732096309525,1.2445815118237487,50,500,11000,spikes,0.05,1000,70037
series4_boundaries,spikes_5pct,38,series4_boundaries__spikes_5pct__rep38,exp_source,mean,shewhart,1,15,52,15,False,99.8219908590688,1.0337687269052656,50,500,11000,spikes,0.05,1000,70038
series4_boundaries,spikes_5pct,38,series4_boundaries__spikes_5pct__rep38,exp_source,mean,cusum,1,34,38,34,False,99.8219908590688,1.0337687269052656,50,500,11000,spikes,0.05,1000,70038
series4_boundaries,spikes_5pct,38,series4_boundaries__spikes_5pct__rep38,exp_source,mean,ewma,1,34,57,34,False,99.8219908590688,1.0337687269052656,50,500,11000,spikes,0.05,1000,70038
series4_boundaries,spikes_5pct,39,series4_boundaries__spikes_5pct__rep39,exp_source,mean,shewhart,1,28,44,28,False,99.89564828596951,1.1258390120369377,50,500,11000,spikes,0.05,1000,70039
series4_boundaries,spikes_5pct,39,series4_boundaries__spikes_5pct__rep39,exp_source,mean,cusum,1,11,30,11,False,99.89564828596951,1.1258390120369377,50,500,11000,spikes,0.05,1000,70039
series4_boundaries,spikes_5pct,39,series4_boundaries__spikes_5pct__rep39,exp_source,mean,ewma,1,12,48,12,False,99.89564828596951,1.1258390120369377,50,500,11000,spikes,0.05,1000,70039
series4_boundaries,spikes_5pct,40,series4_boundaries__spikes_5pct__rep40,exp_source,mean,shewhart,1,21,26,21,False,100.11456417566487,1.2527595560267808,50,500,11000,spikes,0.05,1000,70040
series4_boundaries,spikes_5pct,40,series4_boundaries__spikes_5pct__rep40,exp_source,mean,cusum,1,21,21,21,False,100.11456417566487,1.2527595560267808,50,500,11000,spikes,0.05,1000,70040
series4_boundaries,spikes_5pct,40,series4_boundaries__spikes_5pct__rep40,exp_source,mean,ewma,1,21,17,21,False,100.11456417566487,1.2527595560267808,50,500,11000,spikes,0.05,1000,70040
series4_boundaries,spikes_5pct,41,series4_boundaries__spikes_5pct__rep41,exp_source,mean,shewhart,1,1,36,1,False,100.06882621148185,1.190102360559989,50,500,11000,spikes,0.05,1000,70041
series4_boundaries,spikes_5pct,41,series4_boundaries__spikes_5pct__rep41,exp_source,mean,cusum,1,32,29,32,False,100.06882621148185,1.190102360559989,50,500,11000,spikes,0.05,1000,70041
series4_boundaries,spikes_5pct,41,series4_boundaries__spikes_5pct__rep41,exp_source,mean,ewma,1,1,52,1,False,100.06882621148185,1.190102360559989,50,500,11000,spikes,0.05,1000,70041
series4_boundaries,spikes_5pct,42,series4_boundaries__spikes_5pct__rep42,exp_source,mean,shewhart,1,5,35,5,False,100.12492351718103,1.1292571826059805,50,500,11000,spikes,0.05,1000,70042
series4_boundaries,spikes_5pct,42,series4_boundaries__spikes_5pct__rep42,exp_source,mean,cusum,1,3,27,3,False,100.12492351718103,1.1292571826059805,50,500,11000,spikes,0.05,1000,70042
series4_boundaries,spikes_5pct,42,series4_boundaries__spikes_5pct__rep42,exp_source,mean,ewma,1,2,37,2,False,100.12492351718103,1.1292571826059805,50,500,11000,spikes,0.05,1000,70042
series4_boundaries,spikes_5pct,43,series4_boundaries__spikes_5pct__rep43,exp_source,mean,shewhart,1,17,29,17,False,100.23813431570919,1.2985592053617,50,500,11000,spikes,0.05,1000,70043
series4_boundaries,spikes_5pct,43,series4_boundaries__spikes_5pct__rep43,exp_source,mean,cusum,1,17,21,17,False,100.23813431570919,1.2985592053617,50,500,11000,spikes,0.05,1000,70043
series4_boundaries,spikes_5pct,43,series4_boundaries__spikes_5pct__rep43,exp_source,mean,ewma,1,17,35,17,False,100.23813431570919,1.2985592053617,50,500,11000,spikes,0.05,1000,70043
series4_boundaries,spikes_5pct,44,series4_boundaries__spikes_5pct__rep44,exp_source,mean,shewhart,1,9,15,9,False,99.68497717456775,1.2496200526530232,50,500,11000,spikes,0.05,1000,70044
series4_boundaries,spikes_5pct,44,series4_boundaries__spikes_5pct__rep44,exp_source,mean,cusum,1,20,25,20,False,99.68497717456775,1.2496200526530232,50,500,11000,spikes,0.05,1000,70044
series4_boundaries,spikes_5pct,44,series4_boundaries__spikes_5pct__rep44,exp_source,mean,ewma,1,20,37,20,False,99.68497717456775,1.2496200526530232,50,500,11000,spikes,0.05,1000,70044
series4_boundaries,spikes_5pct,45,series4_boundaries__spikes_5pct__rep45,exp_source,mean,shewhart,1,11,45,11,False,100.37943936863674,1.0900483700841572,50,500,11000,spikes,0.05,1000,70045
series4_boundaries,spikes_5pct,45,series4_boundaries__spikes_5pct__rep45,exp_source,mean,cusum,1,11,46,11,False,100.37943936863674,1.0900483700841572,50,500,11000,spikes,0.05,1000,70045
series4_boundaries,spikes_5pct,45,series4_boundaries__spikes_5pct__rep45,exp_source,mean,ewma,1,11,83,11,False,100.37943936863674,1.0900483700841572,50,500,11000,spikes,0.05,1000,70045
series4_boundaries,spikes_5pct,46,series4_boundaries__spikes_5pct__rep46,exp_source,mean,shewhart,1,7,33,7,False,100.0597357244611,1.1294855472556857,50,500,11000,spikes,0.05,1000,70046
series4_boundaries,spikes_5pct,46,series4_boundaries__spikes_5pct__rep46,exp_source,mean,cusum,1,7,24,7,False,100.0597357244611,1.1294855472556857,50,500,11000,spikes,0.05,1000,70046
series4_boundaries,spikes_5pct,46,series4_boundaries__spikes_5pct__rep46,exp_source,mean,ewma,1,7,37,7,False,100.0597357244611,1.1294855472556857,50,500,11000,spikes,0.05,1000,70046
series4_boundaries,spikes_5pct,47,series4_boundaries__spikes_5pct__rep47,exp_source,mean,shewhart,1,4,38,4,False,99.92761114243586,1.0426578616730573,50,500,11000,spikes,0.05,1000,70047
series4_boundaries,spikes_5pct,47,series4_boundaries__spikes_5pct__rep47,exp_source,mean,cusum,1,29,29,29,False,99.92761114243586,1.0426578616730573,50,500,11000,spikes,0.05,1000,70047
series4_boundaries,spikes_5pct,47,series4_boundaries__spikes_5pct__rep47,exp_source,mean,ewma,1,29,46,29,False,99.92761114243586,1.0426578616730573,50,500,11000,spikes,0.05,1000,70047
series4_boundaries,spikes_5pct,48,series4_boundaries__spikes_5pct__rep48,exp_source,mean,shewhart,1,3,54,3,False,100.11480593420129,1.0052029015675272,50,500,11000,spikes,0.05,1000,70048
series4_boundaries,spikes_5pct,48,series4_boundaries__spikes_5pct__rep48,exp_source,mean,cusum,1,12,52,12,False,100.11480593420129,1.0052029015675272,50,500,11000,spikes,0.05,1000,70048
series4_boundaries,spikes_5pct,48,series4_boundaries__spikes_5pct__rep48,exp_source,mean,ewma,1,3,68,3,False,100.11480593420129,1.0052029015675272,50,500,11000,spikes,0.05,1000,70048
series4_boundaries,spikes_5pct,49,series4_boundaries__spikes_5pct__rep49,exp_source,mean,shewhart,1,27,25,27,False,100.08430542495158,1.2321685240490314,50,500,11000,spikes,0.05,1000,70049
series4_boundaries,spikes_5pct,49,series4_boundaries__spikes_5pct__rep49,exp_source,mean,cusum,1,68,24,68,False,100.08430542495158,1.2321685240490314,50,500,11000,spikes,0.05,1000,70049
series4_boundaries,spikes_5pct,49,series4_boundaries__spikes_5pct__rep49,exp_source,mean,ewma,1,68,33,68,False,100.08430542495158,1.2321685240490314,50,500,11000,spikes,0.05,1000,70049
series4_boundaries,spikes_5pct,50,series4_boundaries__spikes_5pct__rep50,exp_source,mean,shewhart,1,11,46,11,False,99.89301539395161,1.0319128289521136,50,500,11000,spikes,0.05,1000,70050
series4_boundaries,spikes_5pct,50,series4_boundaries__spikes_5pct__rep50,exp_source,mean,cusum,1,31,33,31,False,99.89301539395161,1.0319128289521136,50,500,11000,spikes,0.05,1000,70050
series4_boundaries,spikes_5pct,50,series4_boundaries__spikes_5pct__rep50,exp_source,mean,ewma,1,31,35,31,False,99.89301539395161,1.0319128289521136,50,500,11000,spikes,0.05,1000,70050
series4_boundaries,spikes_10pct,1,series4_boundaries__spikes_10pct__rep01,exp_source,mean,shewhart,1,22,76,22,False,99.99098390041428,1.108071603454951,50,500,11000,spikes,0.1,1000,80001
series4_boundaries,spikes_10pct,1,series4_boundaries__spikes_10pct__rep01,exp_source,mean,cusum,1,22,62,22,False,99.99098390041428,1.108071603454951,50,500,11000,spikes,0.1,1000,80001
series4_boundaries,spikes_10pct,1,series4_boundaries__spikes_10pct__rep01,exp_source,mean,ewma,1,22,93,22,False,99.99098390041428,1.108071603454951,50,500,11000,spikes,0.1,1000,80001
series4_boundaries,spikes_10pct,2,series4_boundaries__spikes_10pct__rep02,exp_source,mean,shewhart,1,4,121,4,False,100.03274902959417,0.9019009473342359,50,500,11000,spikes,0.1,1000,80002
series4_boundaries,spikes_10pct,2,series4_boundaries__spikes_10pct__rep02,exp_source,mean,cusum,1,22,106,22,False,100.03274902959417,0.9019009473342359,50,500,11000,spikes,0.1,1000,80002
series4_boundaries,spikes_10pct,2,series4_boundaries__spikes_10pct__rep02,exp_source,mean,ewma,1,11,123,11,False,100.03274902959417,0.9019009473342359,50,500,11000,spikes,0.1,1000,80002
series4_boundaries,spikes_10pct,3,series4_boundaries__spikes_10pct__rep03,exp_source,mean,shewhart,1,24,59,24,False,100.16561275538871,1.273846125024984,50,500,11000,spikes,0.1,1000,80003
series4_boundaries,spikes_10pct,3,series4_boundaries__spikes_10pct__rep03,exp_source,mean,cusum,1,14,53,14,False,100.16561275538871,1.273846125024984,50,500,11000,spikes,0.1,1000,80003
series4_boundaries,spikes_10pct,3,series4_boundaries__spikes_10pct__rep03,exp_source,mean,ewma,1,24,68,24,False,100.16561275538871,1.273846125024984,50,500,11000,spikes,0.1,1000,80003
series4_boundaries,spikes_10pct,4,series4_boundaries__spikes_10pct__rep04,exp_source,mean,shewhart,1,5,113,5,False,99.92572293124375,0.9915699420845496,50,500,11000,spikes,0.1,1000,80004
series4_boundaries,spikes_10pct,4,series4_boundaries__spikes_10pct__rep04,exp_source,mean,cusum,1,14,92,14,False,99.92572293124375,0.9915699420845496,50,500,11000,spikes,0.1,1000,80004
series4_boundaries,spikes_10pct,4,series4_boundaries__spikes_10pct__rep04,exp_source,mean,ewma,1,28,114,28,False,99.92572293124375,0.9915699420845496,50,500,11000,spikes,0.1,1000,80004
series4_boundaries,spikes_10pct,5,series4_boundaries__spikes_10pct__rep05,exp_source,mean,shewhart,1,13,62,13,False,99.91639438882117,1.2139795249582381,50,500,11000,spikes,0.1,1000,80005
series4_boundaries,spikes_10pct,5,series4_boundaries__spikes_10pct__rep05,exp_source,mean,cusum,1,43,45,43,False,99.91639438882117,1.2139795249582381,50,500,11000,spikes,0.1,1000,80005
series4_boundaries,spikes_10pct,5,series4_boundaries__spikes_10pct__rep05,exp_source,mean,ewma,1,43,83,43,False,99.91639438882117,1.2139795249582381,50,500,11000,spikes,0.1,1000,80005
series4_boundaries,spikes_10pct,6,series4_boundaries__spikes_10pct__rep06,exp_source,mean,shewhart,1,7,94,7,False,100.0782496223753,1.074191169307395,50,500,11000,spikes,0.1,1000,80006
series4_boundaries,spikes_10pct,6,series4_boundaries__spikes_10pct__rep06,exp_source,mean,cusum,1,13,81,13,False,100.0782496223753,1.074191169307395,50,500,11000,spikes,0.1,1000,80006
series4_boundaries,spikes_10pct,6,series4_boundaries__spikes_10pct__rep06,exp_source,mean,ewma,1,13,111,13,False,100.0782496223753,1.074191169307395,50,500,11000,spikes,0.1,1000,80006
series4_boundaries,spikes_10pct,7,series4_boundaries__spikes_10pct__rep07,exp_source,mean,shewhart,1,16,130,16,False,99.93242878911916,0.8603688721058689,50,500,11000,spikes,0.1,1000,80007
series4_boundaries,spikes_10pct,7,series4_boundaries__spikes_10pct__rep07,exp_source,mean,cusum,1,6,107,6,False,99.93242878911916,0.8603688721058689,50,500,11000,spikes,0.1,1000,80007
series4_boundaries,spikes_10pct,7,series4_boundaries__spikes_10pct__rep07,exp_source,mean,ewma,1,2,140,2,False,99.93242878911916,0.8603688721058689,50,500,11000,spikes,0.1,1000,80007
series4_boundaries,spikes_10pct,8,series4_boundaries__spikes_10pct__rep08,exp_source,mean,shewhart,1,3,112,3,False,100.13110965293473,1.0120171778116687,50,500,11000,spikes,0.1,1000,80008
series4_boundaries,spikes_10pct,8,series4_boundaries__spikes_10pct__rep08,exp_source,mean,cusum,1,4,104,4,False,100.13110965293473,1.0120171778116687,50,500,11000,spikes,0.1,1000,80008
series4_boundaries,spikes_10pct,8,series4_boundaries__spikes_10pct__rep08,exp_source,mean,ewma,1,3,115,3,False,100.13110965293473,1.0120171778116687,50,500,11000,spikes,0.1,1000,80008
series4_boundaries,spikes_10pct,9,series4_boundaries__spikes_10pct__rep09,exp_source,mean,shewhart,1,3,121,3,False,100.20375961786725,0.9401582110593258,50,500,11000,spikes,0.1,1000,80009
series4_boundaries,spikes_10pct,9,series4_boundaries__spikes_10pct__rep09,exp_source,mean,cusum,1,16,102,16,False,100.20375961786725,0.9401582110593258,50,500,11000,spikes,0.1,1000,80009
series4_boundaries,spikes_10pct,9,series4_boundaries__spikes_10pct__rep09,exp_source,mean,ewma,1,3,133,3,False,100.20375961786725,0.9401582110593258,50,500,11000,spikes,0.1,1000,80009
series4_boundaries,spikes_10pct,10,series4_boundaries__spikes_10pct__rep10,exp_source,mean,shewhart,1,4,61,4,False,99.76849568542335,1.1868277324178473,50,500,11000,spikes,0.1,1000,80010
series4_boundaries,spikes_10pct,10,series4_boundaries__spikes_10pct__rep10,exp_source,mean,cusum,1,5,59,5,False,99.76849568542335,1.1868277324178473,50,500,11000,spikes,0.1,1000,80010
series4_boundaries,spikes_10pct,10,series4_boundaries__spikes_10pct__rep10,exp_source,mean,ewma,1,5,67,5,False,99.76849568542335,1.1868277324178473,50,500,11000,spikes,0.1,1000,80010
series4_boundaries,spikes_10pct,11,series4_boundaries__spikes_10pct__rep11,exp_source,mean,shewhart,1,1,90,1,False,99.8317901334418,1.0256077884230148,50,500,11000,spikes,0.1,1000,80011
series4_boundaries,spikes_10pct,11,series4_boundaries__spikes_10pct__rep11,exp_source,mean,cusum,1,2,69,2,False,99.8317901334418,1.0256077884230148,50,500,11000,spikes,0.1,1000,80011
series4_boundaries,spikes_10pct,11,series4_boundaries__spikes_10pct__rep11,exp_source,mean,ewma,1,1,90,1,False,99.8317901334418,1.0256077884230148,50,500,11000,spikes,0.1,1000,80011
series4_boundaries,spikes_10pct,12,series4_boundaries__spikes_10pct__rep12,exp_source,mean,shewhart,1,30,65,30,False,99.86612150730379,1.2071575379205597,50,500,11000,spikes,0.1,1000,80012
series4_boundaries,spikes_10pct,12,series4_boundaries__spikes_10pct__rep12,exp_source,mean,cusum,1,30,59,30,False,99.86612150730379,1.2071575379205597,50,500,11000,spikes,0.1,1000,80012
series4_boundaries,spikes_10pct,12,series4_boundaries__spikes_10pct__rep12,exp_source,mean,ewma,1,35,92,35,False,99.86612150730379,1.2071575379205597,50,500,11000,spikes,0.1,1000,80012
series4_boundaries,spikes_10pct,13,series4_boundaries__spikes_10pct__rep13,exp_source,mean,shewhart,1,35,75,35,False,100.14671112462203,1.2101026378058837,50,500,11000,spikes,0.1,1000,80013
series4_boundaries,spikes_10pct,13,series4_boundaries__spikes_10pct__rep13,exp_source,mean,cusum,1,28,61,28,False,100.14671112462203,1.2101026378058837,50,500,11000,spikes,0.1,1000,80013
series4_boundaries,spikes_10pct,13,series4_boundaries__spikes_10pct__rep13,exp_source,mean,ewma,1,29,87,29,False,100.14671112462203,1.2101026378058837,50,500,11000,spikes,0.1,1000,80013
series4_boundaries,spikes_10pct,14,series4_boundaries__spikes_10pct__rep14,exp_source,mean,shewhart,1,1,74,1,False,99.92828182620578,1.0984894636631208,50,500,11000,spikes,0.1,1000,80014
series4_boundaries,spikes_10pct,14,series4_boundaries__spikes_10pct__rep14,exp_source,mean,cusum,1,30,59,30,False,99.92828182620578,1.0984894636631208,50,500,11000,spikes,0.1,1000,80014
series4_boundaries,spikes_10pct,14,series4_boundaries__spikes_10pct__rep14,exp_source,mean,ewma,1,1,73,1,False,99.92828182620578,1.0984894636631208,50,500,11000,spikes,0.1,1000,80014
series4_boundaries,spikes_10pct,15,series4_boundaries__spikes_10pct__rep15,exp_source,mean,shewhart,1,9,117,9,False,100.12332276484429,0.9314568913397765,50,500,11000,spikes,0.1,1000,80015
series4_boundaries,spikes_10pct,15,series4_boundaries__spikes_10pct__rep15,exp_source,mean,cusum,1,10,99,10,False,100.12332276484429,0.9314568913397765,50,500,11000,spikes,0.1,1000,80015
series4_boundaries,spikes_10pct,15,series4_boundaries__spikes_10pct__rep15,exp_source,mean,ewma,1,11,129,11,False,100.12332276484429,0.9314568913397765,50,500,11000,spikes,0.1,1000,80015
series4_boundaries,spikes_10pct,16,series4_boundaries__spikes_10pct__rep16,exp_source,mean,shewhart,1,26,58,26,False,100.20724390871291,1.1818043399077978,50,500,11000,spikes,0.1,1000,80016
series4_boundaries,spikes_10pct,16,series4_boundaries__spikes_10pct__rep16,exp_source,mean,cusum,1,26,46,26,False,100.20724390871291,1.1818043399077978,50,500,11000,spikes,0.1,1000,80016
series4_boundaries,spikes_10pct,16,series4_boundaries__spikes_10pct__rep16,exp_source,mean,ewma,1,26,63,26,False,100.20724390871291,1.1818043399077978,50,500,11000,spikes,0.1,1000,80016
series4_boundaries,spikes_10pct,17,series4_boundaries__spikes_10pct__rep17,exp_source,mean,shewhart,1,8,46,8,False,100.0156063727081,1.3344147316880883,50,500,11000,spikes,0.1,1000,80017
series4_boundaries,spikes_10pct,17,series4_boundaries__spikes_10pct__rep17,exp_source,mean,cusum,1,15,37,15,False,100.0156063727081,1.3344147316880883,50,500,11000,spikes,0.1,1000,80017
series4_boundaries,spikes_10pct,17,series4_boundaries__spikes_10pct__rep17,exp_source,mean,ewma,1,5,61,5,False,100.0156063727081,1.3344147316880883,50,500,11000,spikes,0.1,1000,80017
series4_boundaries,spikes_10pct,18,series4_boundaries__spikes_10pct__rep18,exp_source,mean,shewhart,1,3,58,3,False,99.8873335519889,1.2731526739143033,50,500,11000,spikes,0.1,1000,80018
series4_boundaries,spikes_10pct,18,series4_boundaries__spikes_10pct__rep18,exp_source,mean,cusum,1,9,40,9,False,99.8873335519889,1.2731526739143033,50,500,11000,spikes,0.1,1000,80018
series4_boundaries,spikes_10pct,18,series4_boundaries__spikes_10pct__rep18,exp_source,mean,ewma,1,9,46,9,False,99.8873335519889,1.2731526739143033,50,500,11000,spikes,0.1,1000,80018
series4_boundaries,spikes_10pct,19,series4_boundaries__spikes_10pct__rep19,exp_source,mean,shewhart,1,6,70,6,False,100.0616956117265,1.1197370144286822,50,500,11000,spikes,0.1,1000,80019
series4_boundaries,spikes_10pct,19,series4_boundaries__spikes_10pct__rep19,exp_source,mean,cusum,1,7,56,7,False,100.0616956117265,1.1197370144286822,50,500,11000,spikes,0.1,1000,80019
series4_boundaries,spikes_10pct,19,series4_boundaries__spikes_10pct__rep19,exp_source,mean,ewma,1,6,70,6,False,100.0616956117265,1.1197370144286822,50,500,11000,spikes,0.1,1000,80019
series4_boundaries,spikes_10pct,20,series4_boundaries__spikes_10pct__rep20,exp_source,mean,shewhart,1,3,112,3,False,100.25226794157322,0.9428360813839757,50,500,11000,spikes,0.1,1000,80020
series4_boundaries,spikes_10pct,20,series4_boundaries__spikes_10pct__rep20,exp_source,mean,cusum,1,7,114,7,False,100.25226794157322,0.9428360813839757,50,500,11000,spikes,0.1,1000,80020
series4_boundaries,spikes_10pct,20,series4_boundaries__spikes_10pct__rep20,exp_source,mean,ewma,1,7,158,7,False,100.25226794157322,0.9428360813839757,50,500,11000,spikes,0.1,1000,80020
series4_boundaries,spikes_10pct,21,series4_boundaries__spikes_10pct__rep21,exp_source,mean,shewhart,1,4,62,4,False,100.44011335810055,1.2682288365462073,50,500,11000,spikes,0.1,1000,80021
series4_boundaries,spikes_10pct,21,series4_boundaries__spikes_10pct__rep21,exp_source,mean,cusum,1,10,53,10,False,100.44011335810055,1.2682288365462073,50,500,11000,spikes,0.1,1000,80021
series4_boundaries,spikes_10pct,21,series4_boundaries__spikes_10pct__rep21,exp_source,mean,ewma,1,9,73,9,False,100.44011335810055,1.2682288365462073,50,500,11000,spikes,0.1,1000,80021
series4_boundaries,spikes_10pct,22,series4_boundaries__spikes_10pct__rep22,exp_source,mean,shewhart,1,4,88,4,False,100.18202038906357,1.0750895410109786,50,500,11000,spikes,0.1,1000,80022
series4_boundaries,spikes_10pct,22,series4_boundaries__spikes_10pct__rep22,exp_source,mean,cusum,1,9,65,9,False,100.18202038906357,1.0750895410109786,50,500,11000,spikes,0.1,1000,80022
series4_boundaries,spikes_10pct,22,series4_boundaries__spikes_10pct__rep22,exp_source,mean,ewma,1,10,96,10,False,100.18202038906357,1.0750895410109786,50,500,11000,spikes,0.1,1000,80022
series4_boundaries,spikes_10pct,23,series4_boundaries__spikes_10pct__rep23,exp_source,mean,shewhart,1,4,49,4,False,100.00761346791057,1.2430034762160986,50,500,11000,spikes,0.1,1000,80023
series4_boundaries,spikes_10pct,23,series4_boundaries__spikes_10pct__rep23,exp_source,mean,cusum,1,33,33,33,False,100.00761346791057,1.2430034762160986,50,500,11000,spikes,0.1,1000,80023
series4_boundaries,spikes_10pct,23,series4_boundaries__spikes_10pct__rep23,exp_source,mean,ewma,1,33,40,33,False,100.00761346791057,1.2430034762160986,50,500,11000,spikes,0.1,1000,80023
series4_boundaries,spikes_10pct,24,series4_boundaries__spikes_10pct__rep24,exp_source,mean,shewhart,1,1,102,1,False,99.9694297172493,0.9353968104132171,50,500,11000,spikes,0.1,1000,80024
series4_boundaries,spikes_10pct,24,series4_boundaries__spikes_10pct__rep24,exp_source,mean,cusum,1,3,86,3,False,99.9694297172493,0.9353968104132171,50,500,11000,spikes,0.1,1000,80024
series4_boundaries,spikes_10pct,24,series4_boundaries__spikes_10pct__rep24,exp_source,mean,ewma,1,1,88,1,False,99.9694297172493,0.9353968104132171,50,500,11000,spikes,0.1,1000,80024
series4_boundaries,spikes_10pct,25,series4_boundaries__spikes_10pct__rep25,exp_source,mean,shewhart,1,12,75,12,False,99.87806796247853,1.1368236547756971,50,500,11000,spikes,0.1,1000,80025
series4_boundaries,spikes_10pct,25,series4_boundaries__spikes_10pct__rep25,exp_source,mean,cusum,1,12,41,12,False,99.87806796247853,1.1368236547756971,50,500,11000,spikes,0.1,1000,80025
series4_boundaries,spikes_10pct,25,series4_boundaries__spikes_10pct__rep25,exp_source,mean,ewma,1,27,63,27,False,99.87806796247853,1.1368236547756971,50,500,11000,spikes,0.1,1000,80025
series4_boundaries,spikes_10pct,26,series4_boundaries__spikes_10pct__rep26,exp_source,mean,shewhart,1,4,84,4,False,100.22112931377231,1.0238701472105294,50,500,11000,spikes,0.1,1000,80026
series4_boundaries,spikes_10pct,26,series4_boundaries__spikes_10pct__rep26,exp_source,mean,cusum,1,4,71,4,False,100.22112931377231,1.0238701472105294,50,500,11000,spikes,0.1,1000,80026
series4_boundaries,spikes_10pct,26,series4_boundaries__spikes_10pct__rep26,exp_source,mean,ewma,1,4,85,4,False,100.22112931377231,1.0238701472105294,50,500,11000,spikes,0.1,1000,80026
series4_boundaries,spikes_10pct,27,series4_boundaries__spikes_10pct__rep27,exp_source,mean,shewhart,1,6,113,6,False,99.82968936083917,0.996113667517151,50,500,11000,spikes,0.1,1000,80027
series4_boundaries,spikes_10pct,27,series4_boundaries__spikes_10pct__rep27,exp_source,mean,cusum,1,10,99,10,False,99.82968936083917,0.996113667517151,50,500,11000,spikes,0.1,1000,80027
series4_boundaries,spikes_10pct,27,series4_boundaries__spikes_10pct__rep27,exp_source,mean,ewma,1,10,133,10,False,99.82968936083917,0.996113667517151,50,500,11000,spikes,0.1,1000,80027
series4_boundaries,spikes_10pct,28,series4_boundaries__spikes_10pct__rep28,exp_source,mean,shewhart,1,4,93,4,False,99.99262375086475,1.0372214768646828,50,500,11000,spikes,0.1,1000,80028
series4_boundaries,spikes_10pct,28,series4_boundaries__spikes_10pct__rep28,exp_source,mean,cusum,1,5,82,5,False,99.99262375086475,1.0372214768646828,50,500,11000,spikes,0.1,1000,80028
series4_boundaries,spikes_10pct,28,series4_boundaries__spikes_10pct__rep28,exp_source,mean,ewma,1,5,81,5,False,99.99262375086475,1.0372214768646828,50,500,11000,spikes,0.1,1000,80028
series4_boundaries,spikes_10pct,29,series4_boundaries__spikes_10pct__rep29,exp_source,mean,shewhart,1,8,109,8,False,99.97296571944692,1.0153315961026033,50,500,11000,spikes,0.1,1000,80029
series4_boundaries,spikes_10pct,29,series4_boundaries__spikes_10pct__rep29,exp_source,mean,cusum,1,13,95,13,False,99.97296571944692,1.0153315961026033,50,500,11000,spikes,0.1,1000,80029
series4_boundaries,spikes_10pct,29,series4_boundaries__spikes_10pct__rep29,exp_source,mean,ewma,1,9,132,9,False,99.97296571944692,1.0153315961026033,50,500,11000,spikes,0.1,1000,80029
series4_boundaries,spikes_10pct,30,series4_boundaries__spikes_10pct__rep30,exp_source,mean,shewhart,1,2,76,2,False,99.84649638217793,1.102224925943568,50,500,11000,spikes,0.1,1000,80030
series4_boundaries,spikes_10pct,30,series4_boundaries__spikes_10pct__rep30,exp_source,mean,cusum,1,4,75,4,False,99.84649638217793,1.102224925943568,50,500,11000,spikes,0.1,1000,80030
series4_boundaries,spikes_10pct,30,series4_boundaries__spikes_10pct__rep30,exp_source,mean,ewma,1,4,108,4,False,99.84649638217793,1.102224925943568,50,500,11000,spikes,0.1,1000,80030
series4_boundaries,spikes_10pct,31,series4_boundaries__spikes_10pct__rep31,exp_source,mean,shewhart,1,1,73,1,False,99.69155182420103,1.1088057993693805,50,500,11000,spikes,0.1,1000,80031
series4_boundaries,spikes_10pct,31,series4_boundaries__spikes_10pct__rep31,exp_source,mean,cusum,1,5,62,5,False,99.69155182420103,1.1088057993693805,50,500,11000,spikes,0.1,1000,80031
series4_boundaries,spikes_10pct,31,series4_boundaries__spikes_10pct__rep31,exp_source,mean,ewma,1,1,74,1,False,99.69155182420103,1.1088057993693805,50,500,11000,spikes,0.1,1000,80031
series4_boundaries,spikes_10pct,32,series4_boundaries__spikes_10pct__rep32,exp_source,mean,shewhart,1,18,45,18,False,99.89708931243831,1.3416056527714104,50,500,11000,spikes,0.1,1000,80032
series4_boundaries,spikes_10pct,32,series4_boundaries__spikes_10pct__rep32,exp_source,mean,cusum,1,9,32,9,False,99.89708931243831,1.3416056527714104,50,500,11000,spikes,0.1,1000,80032
series4_boundaries,spikes_10pct,32,series4_boundaries__spikes_10pct__rep32,exp_source,mean,ewma,1,9,34,9,False,99.89708931243831,1.3416056527714104,50,500,11000,spikes,0.1,1000,80032
series4_boundaries,spikes_10pct,33,series4_boundaries__spikes_10pct__rep33,exp_source,mean,shewhart,1,30,58,30,False,100.2007575406631,1.2094263736674224,50,500,11000,spikes,0.1,1000,80033
series4_boundaries,spikes_10pct,33,series4_boundaries__spikes_10pct__rep33,exp_source,mean,cusum,1,31,51,31,False,100.2007575406631,1.2094263736674224,50,500,11000,spikes,0.1,1000,80033
series4_boundaries,spikes_10pct,33,series4_boundaries__spikes_10pct__rep33,exp_source,mean,ewma,1,6,59,6,False,100.2007575406631,1.2094263736674224,50,500,11000,spikes,0.1,1000,80033
series4_boundaries,spikes_10pct,34,series4_boundaries__spikes_10pct__rep34,exp_source,mean,shewhart,1,5,73,5,False,100.05807443743467,1.1763414233845086,50,500,11000,spikes,0.1,1000,80034
series4_boundaries,spikes_10pct,34,series4_boundaries__spikes_10pct__rep34,exp_source,mean,cusum,1,13,60,13,False,100.05807443743467,1.1763414233845086,50,500,11000,spikes,0.1,1000,80034
series4_boundaries,spikes_10pct,34,series4_boundaries__spikes_10pct__rep34,exp_source,mean,ewma,1,7,55,7,False,100.05807443743467,1.1763414233845086,50,500,11000,spikes,0.1,1000,80034
series4_boundaries,spikes_10pct,35,series4_boundaries__spikes_10pct__rep35,exp_source,mean,shewhart,1,8,61,8,False,99.84049992079396,1.156042339514094,50,500,11000,spikes,0.1,1000,80035
series4_boundaries,spikes_10pct,35,series4_boundaries__spikes_10pct__rep35,exp_source,mean,cusum,1,14,54,14,False,99.84049992079396,1.156042339514094,50,500,11000,spikes,0.1,1000,80035
series4_boundaries,spikes_10pct,35,series4_boundaries__spikes_10pct__rep35,exp_source,mean,ewma,1,20,69,20,False,99.84049992079396,1.156042339514094,50,500,11000,spikes,0.1,1000,80035
series4_boundaries,spikes_10pct,36,series4_boundaries__spikes_10pct__rep36,exp_source,mean,shewhart,1,5,93,5,False,99.93701605729241,1.0771053603729248,50,500,11000,spikes,0.1,1000,80036
series4_boundaries,spikes_10pct,36,series4_boundaries__spikes_10pct__rep36,exp_source,mean,cusum,1,8,83,8,False,99.93701605729241,1.0771053603729248,50,500,11000,spikes,0.1,1000,80036
series4_boundaries,spikes_10pct,36,series4_boundaries__spikes_10pct__rep36,exp_source,mean,ewma,1,8,66,8,False,99.93701605729241,1.0771053603729248,50,500,11000,spikes,0.1,1000,80036
series4_boundaries,spikes_10pct,37,series4_boundaries__spikes_10pct__rep37,exp_source,mean,shewhart,1,13,70,13,False,99.87644281368588,1.179630521635659,50,500,11000,spikes,0.1,1000,80037
series4_boundaries,spikes_10pct,37,series4_boundaries__spikes_10pct__rep37,exp_source,mean,cusum,1,26,55,26,False,99.87644281368588,1.179630521635659,50,500,11000,spikes,0.1,1000,80037
series4_boundaries,spikes_10pct,37,series4_boundaries__spikes_10pct__rep37,exp_source,mean,ewma,1,7,72,7,False,99.87644281368588,1.179630521635659,50,500,11000,spikes,0.1,1000,80037
series4_boundaries,spikes_10pct,38,series4_boundaries__spikes_10pct__rep38,exp_source,mean,shewhart,1,17,101,17,False,99.87808168000257,1.008045158506005,50,500,11000,spikes,0.1,1000,80038
series4_boundaries,spikes_10pct,38,series4_boundaries__spikes_10pct__rep38,exp_source,mean,cusum,1,5,81,5,False,99.87808168000257,1.008045158506005,50,500,11000,spikes,0.1,1000,80038
series4_boundaries,spikes_10pct,38,series4_boundaries__spikes_10pct__rep38,exp_source,mean,ewma,1,5,104,5,False,99.87808168000257,1.008045158506005,50,500,11000,spikes,0.1,1000,80038
series4_boundaries,spikes_10pct,39,series4_boundaries__spikes_10pct__rep39,exp_source,mean,shewhart,1,1,59,1,False,100.19975646515314,1.2850508199787127,50,500,11000,spikes,0.1,1000,80039
series4_boundaries,spikes_10pct,39,series4_boundaries__spikes_10pct__rep39,exp_source,mean,cusum,1,3,42,3,False,100.19975646515314,1.2850508199787127,50,500,11000,spikes,0.1,1000,80039
series4_boundaries,spikes_10pct,39,series4_boundaries__spikes_10pct__rep39,exp_source,mean,ewma,1,1,66,1,False,100.19975646515314,1.2850508199787127,50,500,11000,spikes,0.1,1000,80039
series4_boundaries,spikes_10pct,40,series4_boundaries__spikes_10pct__rep40,exp_source,mean,shewhart,1,8,58,8,False,99.98182469741475,1.2888817393194991,50,500,11000,spikes,0.1,1000,80040
series4_boundaries,spikes_10pct,40,series4_boundaries__spikes_10pct__rep40,exp_source,mean,cusum,1,9,52,9,False,99.98182469741475,1.2888817393194991,50,500,11000,spikes,0.1,1000,80040
series4_boundaries,spikes_10pct,40,series4_boundaries__spikes_10pct__rep40,exp_source,mean,ewma,1,12,63,12,False,99.98182469741475,1.2888817393194991,50,500,11000,spikes,0.1,1000,80040
series4_boundaries,spikes_10pct,41,series4_boundaries__spikes_10pct__rep41,exp_source,mean,shewhart,1,8,50,8,False,100.15603528218294,1.3509462619150445,50,500,11000,spikes,0.1,1000,80041
series4_boundaries,spikes_10pct,41,series4_boundaries__spikes_10pct__rep41,exp_source,mean,cusum,1,33,37,33,False,100.15603528218294,1.3509462619150445,50,500,11000,spikes,0.1,1000,80041
series4_boundaries,spikes_10pct,41,series4_boundaries__spikes_10pct__rep41,exp_source,mean,ewma,1,10,34,10,False,100.15603528218294,1.3509462619150445,50,500,11000,spikes,0.1,1000,80041
series4_boundaries,spikes_10pct,42,series4_boundaries__spikes_10pct__rep42,exp_source,mean,shewhart,1,8,106,8,False,100.10263646720774,1.0625150310408984,50,500,11000,spikes,0.1,1000,80042
series4_boundaries,spikes_10pct,42,series4_boundaries__spikes_10pct__rep42,exp_source,mean,cusum,1,16,80,16,False,100.10263646720774,1.0625150310408984,50,500,11000,spikes,0.1,1000,80042
series4_boundaries,spikes_10pct,42,series4_boundaries__spikes_10pct__rep42,exp_source,mean,ewma,1,17,88,17,False,100.10263646720774,1.0625150310408984,50,500,11000,spikes,0.1,1000,80042
series4_boundaries,spikes_10pct,43,series4_boundaries__spikes_10pct__rep43,exp_source,mean,shewhart,1,9,84,9,False,99.97470086901167,1.1275323539988653,50,500,11000,spikes,0.1,1000,80043
series4_boundaries,spikes_10pct,43,series4_boundaries__spikes_10pct__rep43,exp_source,mean,cusum,1,9,71,9,False,99.97470086901167,1.1275323539988653,50,500,11000,spikes,0.1,1000,80043
series4_boundaries,spikes_10pct,43,series4_boundaries__spikes_10pct__rep43,exp_source,mean,ewma,1,9,85,9,False,99.97470086901167,1.1275323539988653,50,500,11000,spikes,0.1,1000,80043
series4_boundaries,spikes_10pct,44,series4_boundaries__spikes_10pct__rep44,exp_source,mean,shewhart,1,9,73,9,False,99.58999933135861,1.1353245507188172,50,500,11000,spikes,0.1,1000,80044
series4_boundaries,spikes_10pct,44,series4_boundaries__spikes_10pct__rep44,exp_source,mean,cusum,1,13,72,13,False,99.58999933135861,1.1353245507188172,50,500,11000,spikes,0.1,1000,80044
series4_boundaries,spikes_10pct,44,series4_boundaries__spikes_10pct__rep44,exp_source,mean,ewma,1,27,113,27,False,99.58999933135861,1.1353245507188172,50,500,11000,spikes,0.1,1000,80044
series4_boundaries,spikes_10pct,45,series4_boundaries__spikes_10pct__rep45,exp_source,mean,shewhart,1,4,82,4,False,99.88612568219494,1.1068754513241637,50,500,11000,spikes,0.1,1000,80045
series4_boundaries,spikes_10pct,45,series4_boundaries__spikes_10pct__rep45,exp_source,mean,cusum,1,4,62,4,False,99.88612568219494,1.1068754513241637,50,500,11000,spikes,0.1,1000,80045
series4_boundaries,spikes_10pct,45,series4_boundaries__spikes_10pct__rep45,exp_source,mean,ewma,1,4,68,4,False,99.88612568219494,1.1068754513241637,50,500,11000,spikes,0.1,1000,80045
series4_boundaries,spikes_10pct,46,series4_boundaries__spikes_10pct__rep46,exp_source,mean,shewhart,1,6,103,6,False,99.92778499109218,1.0092618341085196,50,500,11000,spikes,0.1,1000,80046
series4_boundaries,spikes_10pct,46,series4_boundaries__spikes_10pct__rep46,exp_source,mean,cusum,1,30,77,30,False,99.92778499109218,1.0092618341085196,50,500,11000,spikes,0.1,1000,80046
series4_boundaries,spikes_10pct,46,series4_boundaries__spikes_10pct__rep46,exp_source,mean,ewma,1,30,117,30,False,99.92778499109218,1.0092618341085196,50,500,11000,spikes,0.1,1000,80046
series4_boundaries,spikes_10pct,47,series4_boundaries__spikes_10pct__rep47,exp_source,mean,shewhart,1,3,75,3,False,99.90777713188851,1.1929634290911597,50,500,11000,spikes,0.1,1000,80047
series4_boundaries,spikes_10pct,47,series4_boundaries__spikes_10pct__rep47,exp_source,mean,cusum,1,9,56,9,False,99.90777713188851,1.1929634290911597,50,500,11000,spikes,0.1,1000,80047
series4_boundaries,spikes_10pct,47,series4_boundaries__spikes_10pct__rep47,exp_source,mean,ewma,1,9,73,9,False,99.90777713188851,1.1929634290911597,50,500,11000,spikes,0.1,1000,80047
series4_boundaries,spikes_10pct,48,series4_boundaries__spikes_10pct__rep48,exp_source,mean,shewhart,1,3,94,3,False,100.04079550257961,1.0581788978499462,50,500,11000,spikes,0.1,1000,80048
series4_boundaries,spikes_10pct,48,series4_boundaries__spikes_10pct__rep48,exp_source,mean,cusum,1,3,79,3,False,100.04079550257961,1.0581788978499462,50,500,11000,spikes,0.1,1000,80048
series4_boundaries,spikes_10pct,48,series4_boundaries__spikes_10pct__rep48,exp_source,mean,ewma,1,3,84,3,False,100.04079550257961,1.0581788978499462,50,500,11000,spikes,0.1,1000,80048
series4_boundaries,spikes_10pct,49,series4_boundaries__spikes_10pct__rep49,exp_source,mean,shewhart,1,7,79,7,False,99.93833817833891,1.0495328042607477,50,500,11000,spikes,0.1,1000,80049
series4_boundaries,spikes_10pct,49,series4_boundaries__spikes_10pct__rep49,exp_source,mean,cusum,1,9,70,9,False,99.93833817833891,1.0495328042607477,50,500,11000,spikes,0.1,1000,80049
series4_boundaries,spikes_10pct,49,series4_boundaries__spikes_10pct__rep49,exp_source,mean,ewma,1,34,97,34,False,99.93833817833891,1.0495328042607477,50,500,11000,spikes,0.1,1000,80049
series4_boundaries,spikes_10pct,50,series4_boundaries__spikes_10pct__rep50,exp_source,mean,shewhart,1,13,88,13,False,100.33501765866038,1.0407992344333763,50,500,11000,spikes,0.1,1000,80050
series4_boundaries,spikes_10pct,50,series4_boundaries__spikes_10pct__rep50,exp_source,mean,cusum,1,7,79,7,False,100.33501765866038,1.0407992344333763,50,500,11000,spikes,0.1,1000,80050
series4_boundaries,spikes_10pct,50,series4_boundaries__spikes_10pct__rep50,exp_source,mean,ewma,1,3,107,3,False,100.33501765866038,1.0407992344333763,50,500,11000,spikes,0.1,1000,80050
series4_boundaries,spikes_20pct,1,series4_boundaries__spikes_20pct__rep01,exp_source,mean,shewhart,1,1,132,1,False,100.0425657465261,1.219964232824146,50,500,11000,spikes,0.2,1000,90001
series4_boundaries,spikes_20pct,1,series4_boundaries__spikes_20pct__rep01,exp_source,mean,cusum,1,22,104,22,False,100.0425657465261,1.219964232824146,50,500,11000,spikes,0.2,1000,90001
series4_boundaries,spikes_20pct,1,series4_boundaries__spikes_20pct__rep01,exp_source,mean,ewma,1,1,114,1,False,100.0425657465261,1.219964232824146,50,500,11000,spikes,0.2,1000,90001
series4_boundaries,spikes_20pct,2,series4_boundaries__spikes_20pct__rep02,exp_source,mean,shewhart,1,7,152,7,False,100.22186395621961,1.0800316227059061,50,500,11000,spikes,0.2,1000,90002
series4_boundaries,spikes_20pct,2,series4_boundaries__spikes_20pct__rep02,exp_source,mean,cusum,1,14,115,14,False,100.22186395621961,1.0800316227059061,50,500,11000,spikes,0.2,1000,90002
series4_boundaries,spikes_20pct,2,series4_boundaries__spikes_20pct__rep02,exp_source,mean,ewma,1,7,145,7,False,100.22186395621961,1.0800316227059061,50,500,11000,spikes,0.2,1000,90002
series4_boundaries,spikes_20pct,3,series4_boundaries__spikes_20pct__rep03,exp_source,mean,shewhart,1,8,151,8,False,100.10633021646186,1.1710177576463705,50,500,11000,spikes,0.2,1000,90003
series4_boundaries,spikes_20pct,3,series4_boundaries__spikes_20pct__rep03,exp_source,mean,cusum,1,26,134,26,False,100.10633021646186,1.1710177576463705,50,500,11000,spikes,0.2,1000,90003
series4_boundaries,spikes_20pct,3,series4_boundaries__spikes_20pct__rep03,exp_source,mean,ewma,1,26,176,26,False,100.10633021646186,1.1710177576463705,50,500,11000,spikes,0.2,1000,90003
series4_boundaries,spikes_20pct,4,series4_boundaries__spikes_20pct__rep04,exp_source,mean,shewhart,1,7,116,7,False,100.12017718650239,1.2126054399559347,50,500,11000,spikes,0.2,1000,90004
series4_boundaries,spikes_20pct,4,series4_boundaries__spikes_20pct__rep04,exp_source,mean,cusum,1,10,103,10,False,100.12017718650239,1.2126054399559347,50,500,11000,spikes,0.2,1000,90004
series4_boundaries,spikes_20pct,4,series4_boundaries__spikes_20pct__rep04,exp_source,mean,ewma,1,10,117,10,False,100.12017718650239,1.2126054399559347,50,500,11000,spikes,0.2,1000,90004
series4_boundaries,spikes_20pct,5,series4_boundaries__spikes_20pct__rep05,exp_source,mean,shewhart,1,3,197,3,False,100.01716275971856,0.929991373149947,50,500,11000,spikes,0.2,1000,90005
series4_boundaries,spikes_20pct,5,series4_boundaries__spikes_20pct__rep05,exp_source,mean,cusum,1,16,157,16,False,100.01716275971856,0.929991373149947,50,500,11000,spikes,0.2,1000,90005
series4_boundaries,spikes_20pct,5,series4_boundaries__spikes_20pct__rep05,exp_source,mean,ewma,1,16,197,16,False,100.01716275971856,0.929991373149947,50,500,11000,spikes,0.2,1000,90005
series4_boundaries,spikes_20pct,6,series4_boundaries__spikes_20pct__rep06,exp_source,mean,shewhart,1,2,152,2,False,100.2756553827166,1.1203414147054973,50,500,11000,spikes,0.2,1000,90006
series4_boundaries,spikes_20pct,6,series4_boundaries__spikes_20pct__rep06,exp_source,mean,cusum,1,5,134,5,False,100.2756553827166,1.1203414147054973,50,500,11000,spikes,0.2,1000,90006
series4_boundaries,spikes_20pct,6,series4_boundaries__spikes_20pct__rep06,exp_source,mean,ewma,1,2,175,2,False,100.2756553827166,1.1203414147054973,50,500,11000,spikes,0.2,1000,90006
series4_boundaries,spikes_20pct,7,series4_boundaries__spikes_20pct__rep07,exp_source,mean,shewhart,1,1,149,1,False,99.8745469300341,1.0630936560577235,50,500,11000,spikes,0.2,1000,90007
series4_boundaries,spikes_20pct,7,series4_boundaries__spikes_20pct__rep07,exp_source,mean,cusum,1,15,126,15,False,99.8745469300341,1.0630936560577235,50,500,11000,spikes,0.2,1000,90007
series4_boundaries,spikes_20pct,7,series4_boundaries__spikes_20pct__rep07,exp_source,mean,ewma,1,1,159,1,False,99.8745469300341,1.0630936560577235,50,500,11000,spikes,0.2,1000,90007
series4_boundaries,spikes_20pct,8,series4_boundaries__spikes_20pct__rep08,exp_source,mean,shewhart,1,3,171,3,False,100.15902847935872,1.04077751083941,50,500,11000,spikes,0.2,1000,90008
series4_boundaries,spikes_20pct,8,series4_boundaries__spikes_20pct__rep08,exp_source,mean,cusum,1,5,166,5,False,100.15902847935872,1.04077751083941,50,500,11000,spikes,0.2,1000,90008
series4_boundaries,spikes_20pct,8,series4_boundaries__spikes_20pct__rep08,exp_source,mean,ewma,1,5,171,5,False,100.15902847935872,1.04077751083941,50,500,11000,spikes,0.2,1000,90008
series4_boundaries,spikes_20pct,9,series4_boundaries__spikes_20pct__rep09,exp_source,mean,shewhart,1,4,166,4,False,99.97622994026842,1.0320276624593,50,500,11000,spikes,0.2,1000,90009
series4_boundaries,spikes_20pct,9,series4_boundaries__spikes_20pct__rep09,exp_source,mean,cusum,1,5,148,5,False,99.97622994026842,1.0320276624593,50,500,11000,spikes,0.2,1000,90009
series4_boundaries,spikes_20pct,9,series4_boundaries__spikes_20pct__rep09,exp_source,mean,ewma,1,4,187,4,False,99.97622994026842,1.0320276624593,50,500,11000,spikes,0.2,1000,90009
series4_boundaries,spikes_20pct,10,series4_boundaries__spikes_20pct__rep10,exp_source,mean,shewhart,1,8,154,8,False,99.87587504307204,1.1174793897433346,50,500,11000,spikes,0.2,1000,90010
series4_boundaries,spikes_20pct,10,series4_boundaries__spikes_20pct__rep10,exp_source,mean,cusum,1,8,152,8,False,99.87587504307204,1.1174793897433346,50,500,11000,spikes,0.2,1000,90010
series4_boundaries,spikes_20pct,10,series4_boundaries__spikes_20pct__rep10,exp_source,mean,ewma,1,8,189,8,False,99.87587504307204,1.1174793897433346,50,500,11000,spikes,0.2,1000,90010
series4_boundaries,spikes_20pct,11,series4_boundaries__spikes_20pct__rep11,exp_source,mean,shewhart,1,2,214,2,False,99.93922323002401,0.796014388766265,50,500,11000,spikes,0.2,1000,90011
series4_boundaries,spikes_20pct,11,series4_boundaries__spikes_20pct__rep11,exp_source,mean,cusum,1,4,193,4,False,99.93922323002401,0.796014388766265,50,500,11000,spikes,0.2,1000,90011
series4_boundaries,spikes_20pct,11,series4_boundaries__spikes_20pct__rep11,exp_source,mean,ewma,1,4,250,4,False,99.93922323002401,0.796014388766265,50,500,11000,spikes,0.2,1000,90011
series4_boundaries,spikes_20pct,12,series4_boundaries__spikes_20pct__rep12,exp_source,mean,shewhart,1,1,176,1,False,99.97675887402673,0.9753344290100426,50,500,11000,spikes,0.2,1000,90012
series4_boundaries,spikes_20pct,12,series4_boundaries__spikes_20pct__rep12,exp_source,mean,cusum,1,5,158,5,False,99.97675887402673,0.9753344290100426,50,500,11000,spikes,0.2,1000,90012
series4_boundaries,spikes_20pct,12,series4_boundaries__spikes_20pct__rep12,exp_source,mean,ewma,1,1,179,1,False,99.97675887402673,0.9753344290100426,50,500,11000,spikes,0.2,1000,90012
series4_boundaries,spikes_20pct,13,series4_boundaries__spikes_20pct__rep13,exp_source,mean,shewhart,1,3,179,3,False,99.74682461355495,0.9387592673553291,50,500,11000,spikes,0.2,1000,90013
series4_boundaries,spikes_20pct,13,series4_boundaries__spikes_20pct__rep13,exp_source,mean,cusum,1,4,164,4,False,99.74682461355495,0.9387592673553291,50,500,11000,spikes,0.2,1000,90013
series4_boundaries,spikes_20pct,13,series4_boundaries__spikes_20pct__rep13,exp_source,mean,ewma,1,4,190,4,False,99.74682461355495,0.9387592673553291,50,500,11000,spikes,0.2,1000,90013
series4_boundaries,spikes_20pct,14,series4_boundaries__spikes_20pct__rep14,exp_source,mean,shewhart,1,2,114,2,False,100.09222241712264,1.2002626195955557,50,500,11000,spikes,0.2,1000,90014
series4_boundaries,spikes_20pct,14,series4_boundaries__spikes_20pct__rep14,exp_source,mean,cusum,1,5,106,5,False,100.09222241712264,1.2002626195955557,50,500,11000,spikes,0.2,1000,90014
series4_boundaries,spikes_20pct,14,series4_boundaries__spikes_20pct__rep14,exp_source,mean,ewma,1,5,140,5,False,100.09222241712264,1.2002626195955557,50,500,11000,spikes,0.2,1000,90014
series4_boundaries,spikes_20pct,15,series4_boundaries__spikes_20pct__rep15,exp_source,mean,shewhart,1,1,129,1,False,100.12314207428324,1.2177961439325455,50,500,11000,spikes,0.2,1000,90015
series4_boundaries,spikes_20pct,15,series4_boundaries__spikes_20pct__rep15,exp_source,mean,cusum,1,1,114,1,False,100.12314207428324,1.2177961439325455,50,500,11000,spikes,0.2,1000,90015
series4_boundaries,spikes_20pct,15,series4_boundaries__spikes_20pct__rep15,exp_source,mean,ewma,1,1,139,1,False,100.12314207428324,1.2177961439325455,50,500,11000,spikes,0.2,1000,90015
series4_boundaries,spikes_20pct,16,series4_boundaries__spikes_20pct__rep16,exp_source,mean,shewhart,1,5,133,5,False,99.95001154339099,1.1747645757083924,50,500,11000,spikes,0.2,1000,90016
series4_boundaries,spikes_20pct,16,series4_boundaries__spikes_20pct__rep16,exp_source,mean,cusum,1,6,108,6,False,99.95001154339099,1.1747645757083924,50,500,11000,spikes,0.2,1000,90016
series4_boundaries,spikes_20pct,16,series4_boundaries__spikes_20pct__rep16,exp_source,mean,ewma,1,2,157,2,False,99.95001154339099,1.1747645757083924,50,500,11000,spikes,0.2,1000,90016
series4_boundaries,spikes_20pct,17,series4_boundaries__spikes_20pct__rep17,exp_source,mean,shewhart,1,4,175,4,False,100.14030073402782,1.030577658491367,50,500,11000,spikes,0.2,1000,90017
series4_boundaries,spikes_20pct,17,series4_boundaries__spikes_20pct__rep17,exp_source,mean,cusum,1,4,157,4,False,100.14030073402782,1.030577658491367,50,500,11000,spikes,0.2,1000,90017
series4_boundaries,spikes_20pct,17,series4_boundaries__spikes_20pct__rep17,exp_source,mean,ewma,1,4,195,4,False,100.14030073402782,1.030577658491367,50,500,11000,spikes,0.2,1000,90017
series4_boundaries,spikes_20pct,18,series4_boundaries__spikes_20pct__rep18,exp_source,mean,shewhart,1,10,166,10,False,99.97549531237208,0.9895144728164885,50,500,11000,spikes,0.2,1000,90018
series4_boundaries,spikes_20pct,18,series4_boundaries__spikes_20pct__rep18,exp_source,mean,cusum,1,10,142,10,False,99.97549531237208,0.9895144728164885,50,500,11000,spikes,0.2,1000,90018
series4_boundaries,spikes_20pct,18,series4_boundaries__spikes_20pct__rep18,exp_source,mean,ewma,1,11,173,11,False,99.97549531237208,0.9895144728164885,50,500,11000,spikes,0.2,1000,90018
series4_boundaries,spikes_20pct,19,series4_boundaries__spikes_20pct__rep19,exp_source,mean,shewhart,1,6,134,6,False,99.89287744296504,1.1449677325215808,50,500,11000,spikes,0.2,1000,90019
series4_boundaries,spikes_20pct,19,series4_boundaries__spikes_20pct__rep19,exp_source,mean,cusum,1,9,103,9,False,99.89287744296504,1.1449677325215808,50,500,11000,spikes,0.2,1000,90019
series4_boundaries,spikes_20pct,19,series4_boundaries__spikes_20pct__rep19,exp_source,mean,ewma,1,6,133,6,False,99.89287744296504,1.1449677325215808,50,500,11000,spikes,0.2,1000,90019
series4_boundaries,spikes_20pct,20,series4_boundaries__spikes_20pct__rep20,exp_source,mean,shewhart,1,1,155,1,False,99.87971847800446,1.088832067404569,50,500,11000,spikes,0.2,1000,90020
series4_boundaries,spikes_20pct,20,series4_boundaries__spikes_20pct__rep20,exp_source,mean,cusum,1,1,139,1,False,99.87971847800446,1.088832067404569,50,500,11000,spikes,0.2,1000,90020
series4_boundaries,spikes_20pct,20,series4_boundaries__spikes_20pct__rep20,exp_source,mean,ewma,1,1,183,1,False,99.87971847800446,1.088832067404569,50,500,11000,spikes,0.2,1000,90020
series4_boundaries,spikes_20pct,21,series4_boundaries__spikes_20pct__rep21,exp_source,mean,shewhart,1,6,125,6,False,99.96889559312812,1.2467062278324317,50,500,11000,spikes,0.2,1000,90021
series4_boundaries,spikes_20pct,21,series4_boundaries__spikes_20pct__rep21,exp_source,mean,cusum,1,9,97,9,False,99.96889559312812,1.2467062278324317,50,500,11000,spikes,0.2,1000,90021
series4_boundaries,spikes_20pct,21,series4_boundaries__spikes_20pct__rep21,exp_source,mean,ewma,1,6,104,6,False,99.96889559312812,1.2467062278324317,50,500,11000,spikes,0.2,1000,90021
series4_boundaries,spikes_20pct,22,series4_boundaries__spikes_20pct__rep22,exp_source,mean,shewhart,1,3,123,3,False,99.80301989212353,1.2490529126390366,50,500,11000,spikes,0.2,1000,90022
series4_boundaries,spikes_20pct,22,series4_boundaries__spikes_20pct__rep22,exp_source,mean,cusum,1,17,107,17,False,99.80301989212353,1.2490529126390366,50,500,11000,spikes,0.2,1000,90022
series4_boundaries,spikes_20pct,22,series4_boundaries__spikes_20pct__rep22,exp_source,mean,ewma,1,13,124,13,False,99.80301989212353,1.2490529126390366,50,500,11000,spikes,0.2,1000,90022
series4_boundaries,spikes_20pct,23,series4_boundaries__spikes_20pct__rep23,exp_source,mean,shewhart,1,2,136,2,False,99.84092576374555,1.1542749212394796,50,500,11000,spikes,0.2,1000,90023
series4_boundaries,spikes_20pct,23,series4_boundaries__spikes_20pct__rep23,exp_source,mean,cusum,1,2,104,2,False,99.84092576374555,1.1542749212394796,50,500,11000,spikes,0.2,1000,90023
series4_boundaries,spikes_20pct,23,series4_boundaries__spikes_20pct__rep23,exp_source,mean,ewma,1,2,143,2,False,99.84092576374555,1.1542749212394796,50,500,11000,spikes,0.2,1000,90023
series4_boundaries,spikes_20pct,24,series4_boundaries__spikes_20pct__rep24,exp_source,mean,shewhart,1,1,135,1,False,99.71755406428129,1.1610605393185345,50,500,11000,spikes,0.2,1000,90024
series4_boundaries,spikes_20pct,24,series4_boundaries__spikes_20pct__rep24,exp_source,mean,cusum,1,2,122,2,False,99.71755406428129,1.1610605393185345,50,500,11000,spikes,0.2,1000,90024
series4_boundaries,spikes_20pct,24,series4_boundaries__spikes_20pct__rep24,exp_source,mean,ewma,1,1,180,1,False,99.71755406428129,1.1610605393185345,50,500,11000,spikes,0.2,1000,90024
series4_boundaries,spikes_20pct,25,series4_boundaries__spikes_20pct__rep25,exp_source,mean,shewhart,1,2,105,2,False,100.29991059119804,1.2222608260707366,50,500,11000,spikes,0.2,1000,90025
series4_boundaries,spikes_20pct,25,series4_boundaries__spikes_20pct__rep25,exp_source,mean,cusum,1,24,89,24,False,100.29991059119804,1.2222608260707366,50,500,11000,spikes,0.2,1000,90025
series4_boundaries,spikes_20pct,25,series4_boundaries__spikes_20pct__rep25,exp_source,mean,ewma,1,38,113,38,False,100.29991059119804,1.2222608260707366,50,500,11000,spikes,0.2,1000,90025
series4_boundaries,spikes_20pct,26,series4_boundaries__spikes_20pct__rep26,exp_source,mean,shewhart,1,4,118,4,False,100.13934698439103,1.281493564864731,50,500,11000,spikes,0.2,1000,90026
series4_boundaries,spikes_20pct,26,series4_boundaries__spikes_20pct__rep26,exp_source,mean,cusum,1,7,102,7,False,100.13934698439103,1.281493564864731,50,500,11000,spikes,0.2,1000,90026
series4_boundaries,spikes_20pct,26,series4_boundaries__spikes_20pct__rep26,exp_source,mean,ewma,1,7,153,7,False,100.13934698439103,1.281493564864731,50,500,11000,spikes,0.2,1000,90026
series4_boundaries,spikes_20pct,27,series4_boundaries__spikes_20pct__rep27,exp_source,mean,shewhart,1,7,129,7,False,100.04824517753167,1.111772243657834,50,500,11000,spikes,0.2,1000,90027
series4_boundaries,spikes_20pct,27,series4_boundaries__spikes_20pct__rep27,exp_source,mean,cusum,1,7,124,7,False,100.04824517753167,1.111772243657834,50,500,11000,spikes,0.2,1000,90027
series4_boundaries,spikes_20pct,27,series4_boundaries__spikes_20pct__rep27,exp_source,mean,ewma,1,7,141,7,False,100.04824517753167,1.111772243657834,50,500,11000,spikes,0.2,1000,90027
series4_boundaries,spikes_20pct,28,series4_boundaries__spikes_20pct__rep28,exp_source,mean,shewhart,1,1,167,1,False,100.13552384701171,1.0036278860413719,50,500,11000,spikes,0.2,1000,90028
series4_boundaries,spikes_20pct,28,series4_boundaries__spikes_20pct__rep28,exp_source,mean,cusum,1,6,153,6,False,100.13552384701171,1.0036278860413719,50,500,11000,spikes,0.2,1000,90028
series4_boundaries,spikes_20pct,28,series4_boundaries__spikes_20pct__rep28,exp_source,mean,ewma,1,1,188,1,False,100.13552384701171,1.0036278860413719,50,500,11000,spikes,0.2,1000,90028
series4_boundaries,spikes_20pct,29,series4_boundaries__spikes_20pct__rep29,exp_source,mean,shewhart,1,3,128,3,False,100.22006273499967,1.1378152882898522,50,500,11000,spikes,0.2,1000,90029
series4_boundaries,spikes_20pct,29,series4_boundaries__spikes_20pct__rep29,exp_source,mean,cusum,1,5,114,5,False,100.22006273499967,1.1378152882898522,50,500,11000,spikes,0.2,1000,90029
series4_boundaries,spikes_20pct,29,series4_boundaries__spikes_20pct__rep29,exp_source,mean,ewma,1,10,168,10,False,100.22006273499967,1.1378152882898522,50,500,11000,spikes,0.2,1000,90029
series4_boundaries,spikes_20pct,30,series4_boundaries__spikes_20pct__rep30,exp_source,mean,shewhart,1,1,169,1,False,99.98156805810146,1.0505784118913544,50,500,11000,spikes,0.2,1000,90030
series4_boundaries,spikes_20pct,30,series4_boundaries__spikes_20pct__rep30,exp_source,mean,cusum,1,13,156,13,False,99.98156805810146,1.0505784118913544,50,500,11000,spikes,0.2,1000,90030
series4_boundaries,spikes_20pct,30,series4_boundaries__spikes_20pct__rep30,exp_source,mean,ewma,1,1,178,1,False,99.98156805810146,1.0505784118913544,50,500,11000,spikes,0.2,1000,90030
series4_boundaries,spikes_20pct,31,series4_boundaries__spikes_20pct__rep31,exp_source,mean,shewhart,1,1,169,1,False,100.01453795204625,1.0693430053565245,50,500,11000,spikes,0.2,1000,90031
series4_boundaries,spikes_20pct,31,series4_boundaries__spikes_20pct__rep31,exp_source,mean,cusum,1,2,135,2,False,100.01453795204625,1.0693430053565245,50,500,11000,spikes,0.2,1000,90031
series4_boundaries,spikes_20pct,31,series4_boundaries__spikes_20pct__rep31,exp_source,mean,ewma,1,1,167,1,False,100.01453795204625,1.0693430053565245,50,500,11000,spikes,0.2,1000,90031
series4_boundaries,spikes_20pct,32,series4_boundaries__spikes_20pct__rep32,exp_source,mean,shewhart,1,8,122,8,False,99.77157562850965,1.2330655582332584,50,500,11000,spikes,0.2,1000,90032
series4_boundaries,spikes_20pct,32,series4_boundaries__spikes_20pct__rep32,exp_source,mean,cusum,1,9,98,9,False,99.77157562850965,1.2330655582332584,50,500,11000,spikes,0.2,1000,90032
series4_boundaries,spikes_20pct,32,series4_boundaries__spikes_20pct__rep32,exp_source,mean,ewma,1,8,159,8,False,99.77157562850965,1.2330655582332584,50,500,11000,spikes,0.2,1000,90032
series4_boundaries,spikes_20pct,33,series4_boundaries__spikes_20pct__rep33,exp_source,mean,shewhart,1,5,167,5,False,99.97047291923829,1.0980084617159536,50,500,11000,spikes,0.2,1000,90033
series4_boundaries,spikes_20pct,33,series4_boundaries__spikes_20pct__rep33,exp_source,mean,cusum,1,9,148,9,False,99.97047291923829,1.0980084617159536,50,500,11000,spikes,0.2,1000,90033
series4_boundaries,spikes_20pct,33,series4_boundaries__spikes_20pct__rep33,exp_source,mean,ewma,1,10,183,10,False,99.97047291923829,1.0980084617159536,50,500,11000,spikes,0.2,1000,90033
series4_boundaries,spikes_20pct,34,series4_boundaries__spikes_20pct__rep34,exp_source,mean,shewhart,1,1,192,1,False,100.06199840710593,0.9267894375416357,50,500,11000,spikes,0.2,1000,90034
series4_boundaries,spikes_20pct,34,series4_boundaries__spikes_20pct__rep34,exp_source,mean,cusum,1,7,176,7,False,100.06199840710593,0.9267894375416357,50,500,11000,spikes,0.2,1000,90034
series4_boundaries,spikes_20pct,34,series4_boundaries__spikes_20pct__rep34,exp_source,mean,ewma,1,1,183,1,False,100.06199840710593,0.9267894375416357,50,500,11000,spikes,0.2,1000,90034
series4_boundaries,spikes_20pct,35,series4_boundaries__spikes_20pct__rep35,exp_source,mean,shewhart,1,2,152,2,False,100.09508358077841,1.0935178382531292,50,500,11000,spikes,0.2,1000,90035
series4_boundaries,spikes_20pct,35,series4_boundaries__spikes_20pct__rep35,exp_source,mean,cusum,1,6,126,6,False,100.09508358077841,1.0935178382531292,50,500,11000,spikes,0.2,1000,90035
series4_boundaries,spikes_20pct,35,series4_boundaries__spikes_20pct__rep35,exp_source,mean,ewma,1,7,138,7,False,100.09508358077841,1.0935178382531292,50,500,11000,spikes,0.2,1000,90035
series4_boundaries,spikes_20pct,36,series4_boundaries__spikes_20pct__rep36,exp_source,mean,shewhart,1,1,155,1,False,100.07624532773663,1.0656604553617353,50,500,11000,spikes,0.2,1000,90036
series4_boundaries,spikes_20pct,36,series4_boundaries__spikes_20pct__rep36,exp_source,mean,cusum,1,11,127,11,False,100.07624532773663,1.0656604553617353,50,500,11000,spikes,0.2,1000,90036
series4_boundaries,spikes_20pct,36,series4_boundaries__spikes_20pct__rep36,exp_source,mean,ewma,1,1,119,1,False,100.07624532773663,1.0656604553617353,50,500,11000,spikes,0.2,1000,90036
series4_boundaries,spikes_20pct,37,series4_boundaries__spikes_20pct__rep37,exp_source,mean,shewhart,1,1,203,1,False,99.7053605451779,0.8683843367358602,50,500,11000,spikes,0.2,1000,90037
series4_boundaries,spikes_20pct,37,series4_boundaries__spikes_20pct__rep37,exp_source,mean,cusum,1,3,193,3,False,99.7053605451779,0.8683843367358602,50,500,11000,spikes,0.2,1000,90037
series4_boundaries,spikes_20pct,37,series4_boundaries__spikes_20pct__rep37,exp_source,mean,ewma,1,1,256,1,False,99.7053605451779,0.8683843367358602,50,500,11000,spikes,0.2,1000,90037
series4_boundaries,spikes_20pct,38,series4_boundaries__spikes_20pct__rep38,exp_source,mean,shewhart,1,1,119,1,False,100.21440396548262,1.2856184143551366,50,500,11000,spikes,0.2,1000,90038
series4_boundaries,spikes_20pct,38,series4_boundaries__spikes_20pct__rep38,exp_source,mean,cusum,1,1,104,1,False,100.21440396548262,1.2856184143551366,50,500,11000,spikes,0.2,1000,90038
series4_boundaries,spikes_20pct,38,series4_boundaries__spikes_20pct__rep38,exp_source,mean,ewma,1,1,110,1,False,100.21440396548262,1.2856184143551366,50,500,11000,spikes,0.2,1000,90038
series4_boundaries,spikes_20pct,39,series4_boundaries__spikes_20pct__rep39,exp_source,mean,shewhart,1,3,167,3,False,100.07488485072396,1.0419737477245719,50,500,11000,spikes,0.2,1000,90039
series4_boundaries,spikes_20pct,39,series4_boundaries__spikes_20pct__rep39,exp_source,mean,cusum,1,5,137,5,False,100.07488485072396,1.0419737477245719,50,500,11000,spikes,0.2,1000,90039
series4_boundaries,spikes_20pct,39,series4_boundaries__spikes_20pct__rep39,exp_source,mean,ewma,1,9,145,9,False,100.07488485072396,1.0419737477245719,50,500,11000,spikes,0.2,1000,90039
series4_boundaries,spikes_20pct,40,series4_boundaries__spikes_20pct__rep40,exp_source,mean,shewhart,1,4,152,4,False,99.88079269963873,1.0651496275508745,50,500,11000,spikes,0.2,1000,90040
series4_boundaries,spikes_20pct,40,series4_boundaries__spikes_20pct__rep40,exp_source,mean,cusum,1,7,131,7,False,99.88079269963873,1.0651496275508745,50,500,11000,spikes,0.2,1000,90040
series4_boundaries,spikes_20pct,40,series4_boundaries__spikes_20pct__rep40,exp_source,mean,ewma,1,10,157,10,False,99.88079269963873,1.0651496275508745,50,500,11000,spikes,0.2,1000,90040
series4_boundaries,spikes_20pct,41,series4_boundaries__spikes_20pct__rep41,exp_source,mean,shewhart,1,2,134,2,False,100.08127614647877,1.1372594020125872,50,500,11000,spikes,0.2,1000,90041
series4_boundaries,spikes_20pct,41,series4_boundaries__spikes_20pct__rep41,exp_source,mean,cusum,1,4,94,4,False,100.08127614647877,1.1372594020125872,50,500,11000,spikes,0.2,1000,90041
series4_boundaries,spikes_20pct,41,series4_boundaries__spikes_20pct__rep41,exp_source,mean,ewma,1,19,102,19,False,100.08127614647877,1.1372594020125872,50,500,11000,spikes,0.2,1000,90041
series4_boundaries,spikes_20pct,42,series4_boundaries__spikes_20pct__rep42,exp_source,mean,shewhart,1,2,164,2,False,99.9882492434489,1.0046112821170678,50,500,11000,spikes,0.2,1000,90042
series4_boundaries,spikes_20pct,42,series4_boundaries__spikes_20pct__rep42,exp_source,mean,cusum,1,3,132,3,False,99.9882492434489,1.0046112821170678,50,500,11000,spikes,0.2,1000,90042
series4_boundaries,spikes_20pct,42,series4_boundaries__spikes_20pct__rep42,exp_source,mean,ewma,1,3,132,3,False,99.9882492434489,1.0046112821170678,50,500,11000,spikes,0.2,1000,90042
series4_boundaries,spikes_20pct,43,series4_boundaries__spikes_20pct__rep43,exp_source,mean,shewhart,1,1,135,1,False,99.93063527932142,1.2401182844726073,50,500,11000,spikes,0.2,1000,90043
series4_boundaries,spikes_20pct,43,series4_boundaries__spikes_20pct__rep43,exp_source,mean,cusum,1,21,116,21,False,99.93063527932142,1.2401182844726073,50,500,11000,spikes,0.2,1000,90043
series4_boundaries,spikes_20pct,43,series4_boundaries__spikes_20pct__rep43,exp_source,mean,ewma,1,1,163,1,False,99.93063527932142,1.2401182844726073,50,500,11000,spikes,0.2,1000,90043
series4_boundaries,spikes_20pct,44,series4_boundaries__spikes_20pct__rep44,exp_source,mean,shewhart,1,3,122,3,False,100.04334356121478,1.2482701611203506,50,500,11000,spikes,0.2,1000,90044
series4_boundaries,spikes_20pct,44,series4_boundaries__spikes_20pct__rep44,exp_source,mean,cusum,1,3,101,3,False,100.04334356121478,1.2482701611203506,50,500,11000,spikes,0.2,1000,90044
series4_boundaries,spikes_20pct,44,series4_boundaries__spikes_20pct__rep44,exp_source,mean,ewma,1,3,136,3,False,100.04334356121478,1.2482701611203506,50,500,11000,spikes,0.2,1000,90044
series4_boundaries,spikes_20pct,45,series4_boundaries__spikes_20pct__rep45,exp_source,mean,shewhart,1,1,152,1,False,100.27978679214851,1.1372059301597623,50,500,11000,spikes,0.2,1000,90045
series4_boundaries,spikes_20pct,45,series4_boundaries__spikes_20pct__rep45,exp_source,mean,cusum,1,6,131,6,False,100.27978679214851,1.1372059301597623,50,500,11000,spikes,0.2,1000,90045
series4_boundaries,spikes_20pct,45,series4_boundaries__spikes_20pct__rep45,exp_source,mean,ewma,1,1,185,1,False,100.27978679214851,1.1372059301597623,50,500,11000,spikes,0.2,1000,90045
series4_boundaries,spikes_20pct,46,series4_boundaries__spikes_20pct__rep46,exp_source,mean,shewhart,1,1,161,1,False,99.78868997239051,1.0319887807950874,50,500,11000,spikes,0.2,1000,90046
series4_boundaries,spikes_20pct,46,series4_boundaries__spikes_20pct__rep46,exp_source,mean,cusum,1,4,145,4,False,99.78868997239051,1.0319887807950874,50,500,11000,spikes,0.2,1000,90046
series4_boundaries,spikes_20pct,46,series4_boundaries__spikes_20pct__rep46,exp_source,mean,ewma,1,1,158,1,False,99.78868997239051,1.0319887807950874,50,500,11000,spikes,0.2,1000,90046
series4_boundaries,spikes_20pct,47,series4_boundaries__spikes_20pct__rep47,exp_source,mean,shewhart,1,2,133,2,False,100.07370399848797,1.2244265576457332,50,500,11000,spikes,0.2,1000,90047
series4_boundaries,spikes_20pct,47,series4_boundaries__spikes_20pct__rep47,exp_source,mean,cusum,1,4,124,4,False,100.07370399848797,1.2244265576457332,50,500,11000,spikes,0.2,1000,90047
series4_boundaries,spikes_20pct,47,series4_boundaries__spikes_20pct__rep47,exp_source,mean,ewma,1,4,131,4,False,100.07370399848797,1.2244265576457332,50,500,11000,spikes,0.2,1000,90047
series4_boundaries,spikes_20pct,48,series4_boundaries__spikes_20pct__rep48,exp_source,mean,shewhart,1,2,158,2,False,99.90723848447344,1.0838885813533288,50,500,11000,spikes,0.2,1000,90048
series4_boundaries,spikes_20pct,48,series4_boundaries__spikes_20pct__rep48,exp_source,mean,cusum,1,9,140,9,False,99.90723848447344,1.0838885813533288,50,500,11000,spikes,0.2,1000,90048
series4_boundaries,spikes_20pct,48,series4_boundaries__spikes_20pct__rep48,exp_source,mean,ewma,1,10,141,10,False,99.90723848447344,1.0838885813533288,50,500,11000,spikes,0.2,1000,90048
series4_boundaries,spikes_20pct,49,series4_boundaries__spikes_20pct__rep49,exp_source,mean,shewhart,1,1,131,1,False,99.98174703767668,1.1439197497669598,50,500,11000,spikes,0.2,1000,90049
series4_boundaries,spikes_20pct,49,series4_boundaries__spikes_20pct__rep49,exp_source,mean,cusum,1,6,117,6,False,99.98174703767668,1.1439197497669598,50,500,11000,spikes,0.2,1000,90049
series4_boundaries,spikes_20pct,49,series4_boundaries__spikes_20pct__rep49,exp_source,mean,ewma,1,1,143,1,False,99.98174703767668,1.1439197497669598,50,500,11000,spikes,0.2,1000,90049
series4_boundaries,spikes_20pct,50,series4_boundaries__spikes_20pct__rep50,exp_source,mean,shewhart,1,12,113,12,False,99.93974355936027,1.2397084598757584,50,500,11000,spikes,0.2,1000,90050
series4_boundaries,spikes_20pct,50,series4_boundaries__spikes_20pct__rep50,exp_source,mean,cusum,1,37,89,37,False,99.93974355936027,1.2397084598757584,50,500,11000,spikes,0.2,1000,90050
series4_boundaries,spikes_20pct,50,series4_boundaries__spikes_20pct__rep50,exp_source,mean,ewma,1,48,102,48,False,99.93974355936027,1.2397084598757584,50,500,11000,spikes,0.2,1000,90050
series4_boundaries,spikes_30pct,1,series4_boundaries__spikes_30pct__rep01,exp_source,mean,shewhart,1,2,154,2,False,100.07403454282829,1.3725346724276337,50,500,11000,spikes,0.3,1000,100001
series4_boundaries,spikes_30pct,1,series4_boundaries__spikes_30pct__rep01,exp_source,mean,cusum,1,2,129,2,False,100.07403454282829,1.3725346724276337,50,500,11000,spikes,0.3,1000,100001
series4_boundaries,spikes_30pct,1,series4_boundaries__spikes_30pct__rep01,exp_source,mean,ewma,1,2,140,2,False,100.07403454282829,1.3725346724276337,50,500,11000,spikes,0.3,1000,100001
series4_boundaries,spikes_30pct,2,series4_boundaries__spikes_30pct__rep02,exp_source,mean,shewhart,1,2,147,2,False,100.0753581278294,1.3696508864456989,50,500,11000,spikes,0.3,1000,100002
series4_boundaries,spikes_30pct,2,series4_boundaries__spikes_30pct__rep02,exp_source,mean,cusum,1,2,136,2,False,100.0753581278294,1.3696508864456989,50,500,11000,spikes,0.3,1000,100002
series4_boundaries,spikes_30pct,2,series4_boundaries__spikes_30pct__rep02,exp_source,mean,ewma,1,2,161,2,False,100.0753581278294,1.3696508864456989,50,500,11000,spikes,0.3,1000,100002
series4_boundaries,spikes_30pct,3,series4_boundaries__spikes_30pct__rep03,exp_source,mean,shewhart,1,1,176,1,False,99.9275119992125,1.1648365824652098,50,500,11000,spikes,0.3,1000,100003
series4_boundaries,spikes_30pct,3,series4_boundaries__spikes_30pct__rep03,exp_source,mean,cusum,1,4,159,4,False,99.9275119992125,1.1648365824652098,50,500,11000,spikes,0.3,1000,100003
series4_boundaries,spikes_30pct,3,series4_boundaries__spikes_30pct__rep03,exp_source,mean,ewma,1,1,163,1,False,99.9275119992125,1.1648365824652098,50,500,11000,spikes,0.3,1000,100003
series4_boundaries,spikes_30pct,4,series4_boundaries__spikes_30pct__rep04,exp_source,mean,shewhart,1,4,200,4,False,100.1737219608276,1.0848069882158216,50,500,11000,spikes,0.3,1000,100004
series4_boundaries,spikes_30pct,4,series4_boundaries__spikes_30pct__rep04,exp_source,mean,cusum,1,5,184,5,False,100.1737219608276,1.0848069882158216,50,500,11000,spikes,0.3,1000,100004
series4_boundaries,spikes_30pct,4,series4_boundaries__spikes_30pct__rep04,exp_source,mean,ewma,1,5,209,5,False,100.1737219608276,1.0848069882158216,50,500,11000,spikes,0.3,1000,100004
series4_boundaries,spikes_30pct,5,series4_boundaries__spikes_30pct__rep05,exp_source,mean,shewhart,1,3,205,3,False,99.85011141702061,1.0279051804464643,50,500,11000,spikes,0.3,1000,100005
series4_boundaries,spikes_30pct,5,series4_boundaries__spikes_30pct__rep05,exp_source,mean,cusum,1,4,190,4,False,99.85011141702061,1.0279051804464643,50,500,11000,spikes,0.3,1000,100005
series4_boundaries,spikes_30pct,5,series4_boundaries__spikes_30pct__rep05,exp_source,mean,ewma,1,4,216,4,False,99.85011141702061,1.0279051804464643,50,500,11000,spikes,0.3,1000,100005
series4_boundaries,spikes_30pct,6,series4_boundaries__spikes_30pct__rep06,exp_source,mean,shewhart,1,3,198,3,False,99.9145650173748,1.1484834099771912,50,500,11000,spikes,0.3,1000,100006
series4_boundaries,spikes_30pct,6,series4_boundaries__spikes_30pct__rep06,exp_source,mean,cusum,1,7,182,7,False,99.9145650173748,1.1484834099771912,50,500,11000,spikes,0.3,1000,100006
series4_boundaries,spikes_30pct,6,series4_boundaries__spikes_30pct__rep06,exp_source,mean,ewma,1,7,190,7,False,99.9145650173748,1.1484834099771912,50,500,11000,spikes,0.3,1000,100006
series4_boundaries,spikes_30pct,7,series4_boundaries__spikes_30pct__rep07,exp_source,mean,shewhart,1,3,207,3,False,100.21848617594136,1.0850587165062382,50,500,11000,spikes,0.3,1000,100007
series4_boundaries,spikes_30pct,7,series4_boundaries__spikes_30pct__rep07,exp_source,mean,cusum,1,8,195,8,False,100.21848617594136,1.0850587165062382,50,500,11000,spikes,0.3,1000,100007
series4_boundaries,spikes_30pct,7,series4_boundaries__spikes_30pct__rep07,exp_source,mean,ewma,1,8,186,8,False,100.21848617594136,1.0850587165062382,50,500,11000,spikes,0.3,1000,100007
series4_boundaries,spikes_30pct,8,series4_boundaries__spikes_30pct__rep08,exp_source,mean,shewhart,1,4,184,4,False,100.19160251504502,1.2051665273490335,50,500,11000,spikes,0.3,1000,100008
series4_boundaries,spikes_30pct,8,series4_boundaries__spikes_30pct__rep08,exp_source,mean,cusum,1,5,163,5,False,100.19160251504502,1.2051665273490335,50,500,11000,spikes,0.3,1000,100008
series4_boundaries,spikes_30pct,8,series4_boundaries__spikes_30pct__rep08,exp_source,mean,ewma,1,3,179,3,False,100.19160251504502,1.2051665273490335,50,500,11000,spikes,0.3,1000,100008
series4_boundaries,spikes_30pct,9,series4_boundaries__spikes_30pct__rep09,exp_source,mean,shewhart,1,1,207,1,False,99.95739413895592,0.9831353907631686,50,500,11000,spikes,0.3,1000,100009
series4_boundaries,spikes_30pct,9,series4_boundaries__spikes_30pct__rep09,exp_source,mean,cusum,1,1,195,1,False,99.95739413895592,0.9831353907631686,50,500,11000,spikes,0.3,1000,100009
series4_boundaries,spikes_30pct,9,series4_boundaries__spikes_30pct__rep09,exp_source,mean,ewma,1,1,228,1,False,99.95739413895592,0.9831353907631686,50,500,11000,spikes,0.3,1000,100009
series4_boundaries,spikes_30pct,10,series4_boundaries__spikes_30pct__rep10,exp_source,mean,shewhart,1,3,195,3,False,100.04163596996325,1.0087488078113291,50,500,11000,spikes,0.3,1000,100010
series4_boundaries,spikes_30pct,10,series4_boundaries__spikes_30pct__rep10,exp_source,mean,cusum,1,3,186,3,False,100.04163596996325,1.0087488078113291,50,500,11000,spikes,0.3,1000,100010
series4_boundaries,spikes_30pct,10,series4_boundaries__spikes_30pct__rep10,exp_source,mean,ewma,1,3,195,3,False,100.04163596996325,1.0087488078113291,50,500,11000,spikes,0.3,1000,100010
series4_boundaries,spikes_30pct,11,series4_boundaries__spikes_30pct__rep11,exp_source,mean,shewhart,1,5,203,5,False,99.9340110056709,1.0576741775280245,50,500,11000,spikes,0.3,1000,100011
series4_boundaries,spikes_30pct,11,series4_boundaries__spikes_30pct__rep11,exp_source,mean,cusum,1,4,191,4,False,99.9340110056709,1.0576741775280245,50,500,11000,spikes,0.3,1000,100011
series4_boundaries,spikes_30pct,11,series4_boundaries__spikes_30pct__rep11,exp_source,mean,ewma,1,2,200,2,False,99.9340110056709,1.0576741775280245,50,500,11000,spikes,0.3,1000,100011
series4_boundaries,spikes_30pct,12,series4_boundaries__spikes_30pct__rep12,exp_source,mean,shewhart,1,1,164,1,False,100.04058191369876,1.2457274503220532,50,500,11000,spikes,0.3,1000,100012
series4_boundaries,spikes_30pct,12,series4_boundaries__spikes_30pct__rep12,exp_source,mean,cusum,1,2,130,2,False,100.04058191369876,1.2457274503220532,50,500,11000,spikes,0.3,1000,100012
series4_boundaries,spikes_30pct,12,series4_boundaries__spikes_30pct__rep12,exp_source,mean,ewma,1,1,162,1,False,100.04058191369876,1.2457274503220532,50,500,11000,spikes,0.3,1000,100012
series4_boundaries,spikes_30pct,13,series4_boundaries__spikes_30pct__rep13,exp_source,mean,shewhart,1,4,167,4,False,100.08975926297668,1.1876019030223364,50,500,11000,spikes,0.3,1000,100013
series4_boundaries,spikes_30pct,13,series4_boundaries__spikes_30pct__rep13,exp_source,mean,cusum,1,4,147,4,False,100.08975926297668,1.1876019030223364,50,500,11000,spikes,0.3,1000,100013
series4_boundaries,spikes_30pct,13,series4_boundaries__spikes_30pct__rep13,exp_source,mean,ewma,1,4,144,4,False,100.08975926297668,1.1876019030223364,50,500,11000,spikes,0.3,1000,100013
series4_boundaries,spikes_30pct,14,series4_boundaries__spikes_30pct__rep14,exp_source,mean,shewhart,1,1,209,1,False,99.92945698547469,1.117725618985462,50,500,11000,spikes,0.3,1000,100014
series4_boundaries,spikes_30pct,14,series4_boundaries__spikes_30pct__rep14,exp_source,mean,cusum,1,3,185,3,False,99.92945698547469,1.117725618985462,50,500,11000,spikes,0.3,1000,100014
series4_boundaries,spikes_30pct,14,series4_boundaries__spikes_30pct__rep14,exp_source,mean,ewma,1,1,242,1,False,99.92945698547469,1.117725618985462,50,500,11000,spikes,0.3,1000,100014
series4_boundaries,spikes_30pct,15,series4_boundaries__spikes_30pct__rep15,exp_source,mean,shewhart,1,2,167,2,False,100.054765889559,1.2430026972946608,50,500,11000,spikes,0.3,1000,100015
series4_boundaries,spikes_30pct,15,series4_boundaries__spikes_30pct__rep15,exp_source,mean,cusum,1,5,145,5,False,100.054765889559,1.2430026972946608,50,500,11000,spikes,0.3,1000,100015
series4_boundaries,spikes_30pct,15,series4_boundaries__spikes_30pct__rep15,exp_source,mean,ewma,1,5,183,5,False,100.054765889559,1.2430026972946608,50,500,11000,spikes,0.3,1000,100015
series4_boundaries,spikes_30pct,16,series4_boundaries__spikes_30pct__rep16,exp_source,mean,shewhart,1,1,216,1,False,99.90959361598642,1.0584622240889807,50,500,11000,spikes,0.3,1000,100016
series4_boundaries,spikes_30pct,16,series4_boundaries__spikes_30pct__rep16,exp_source,mean,cusum,1,1,202,1,False,99.90959361598642,1.0584622240889807,50,500,11000,spikes,0.3,1000,100016
series4_boundaries,spikes_30pct,16,series4_boundaries__spikes_30pct__rep16,exp_source,mean,ewma,1,1,198,1,False,99.90959361598642,1.0584622240889807,50,500,11000,spikes,0.3,1000,100016
series4_boundaries,spikes_30pct,17,series4_boundaries__spikes_30pct__rep17,exp_source,mean,shewhart,1,1,225,1,False,100.00537176224992,0.9869232685503064,50,500,11000,spikes,0.3,1000,100017
series4_boundaries,spikes_30pct,17,series4_boundaries__spikes_30pct__rep17,exp_source,mean,cusum,1,2,217,2,False,100.00537176224992,0.9869232685503064,50,500,11000,spikes,0.3,1000,100017
series4_boundaries,spikes_30pct,17,series4_boundaries__spikes_30pct__rep17,exp_source,mean,ewma,1,1,225,1,False,100.00537176224992,0.9869232685503064,50,500,11000,spikes,0.3,1000,100017
series4_boundaries,spikes_30pct,18,series4_boundaries__spikes_30pct__rep18,exp_source,mean,shewhart,1,1,135,1,False,99.77568517205957,1.3074732425174922,50,500,11000,spikes,0.3,1000,100018
series4_boundaries,spikes_30pct,18,series4_boundaries__spikes_30pct__rep18,exp_source,mean,cusum,1,6,124,6,False,99.77568517205957,1.3074732425174922,50,500,11000,spikes,0.3,1000,100018
series4_boundaries,spikes_30pct,18,series4_boundaries__spikes_30pct__rep18,exp_source,mean,ewma,1,1,146,1,False,99.77568517205957,1.3074732425174922,50,500,11000,spikes,0.3,1000,100018
series4_boundaries,spikes_30pct,19,series4_boundaries__spikes_30pct__rep19,exp_source,mean,shewhart,1,1,185,1,False,99.79675000803093,1.0918931351907926,50,500,11000,spikes,0.3,1000,100019
series4_boundaries,spikes_30pct,19,series4_boundaries__spikes_30pct__rep19,exp_source,mean,cusum,1,3,158,3,False,99.79675000803093,1.0918931351907926,50,500,11000,spikes,0.3,1000,100019
series4_boundaries,spikes_30pct,19,series4_boundaries__spikes_30pct__rep19,exp_source,mean,ewma,1,1,185,1,False,99.79675000803093,1.0918931351907926,50,500,11000,spikes,0.3,1000,100019
series4_boundaries,spikes_30pct,20,series4_boundaries__spikes_30pct__rep20,exp_source,mean,shewhart,1,1,247,1,False,100.00877078621457,0.9248431990856151,50,500,11000,spikes,0.3,1000,100020
series4_boundaries,spikes_30pct,20,series4_boundaries__spikes_30pct__rep20,exp_source,mean,cusum,1,2,219,2,False,100.00877078621457,0.9248431990856151,50,500,11000,spikes,0.3,1000,100020
series4_boundaries,spikes_30pct,20,series4_boundaries__spikes_30pct__rep20,exp_source,mean,ewma,1,1,236,1,False,100.00877078621457,0.9248431990856151,50,500,11000,spikes,0.3,1000,100020
series4_boundaries,spikes_30pct,21,series4_boundaries__spikes_30pct__rep21,exp_source,mean,shewhart,1,2,155,2,False,99.97561237577561,1.2551283449650865,50,500,11000,spikes,0.3,1000,100021
series4_boundaries,spikes_30pct,21,series4_boundaries__spikes_30pct__rep21,exp_source,mean,cusum,1,2,145,2,False,99.97561237577561,1.2551283449650865,50,500,11000,spikes,0.3,1000,100021
series4_boundaries,spikes_30pct,21,series4_boundaries__spikes_30pct__rep21,exp_source,mean,ewma,1,2,177,2,False,99.97561237577561,1.2551283449650865,50,500,11000,spikes,0.3,1000,100021
series4_boundaries,spikes_30pct,22,series4_boundaries__spikes_30pct__rep22,exp_source,mean,shewhart,1,2,229,2,False,100.03195498097007,0.9910424654035821,50,500,11000,spikes,0.3,1000,100022
series4_boundaries,spikes_30pct,22,series4_boundaries__spikes_30pct__rep22,exp_source,mean,cusum,1,2,203,2,False,100.03195498097007,0.9910424654035821,50,500,11000,spikes,0.3,1000,100022
series4_boundaries,spikes_30pct,22,series4_boundaries__spikes_30pct__rep22,exp_source,mean,ewma,1,2,229,2,False,100.03195498097007,0.9910424654035821,50,500,11000,spikes,0.3,1000,100022
series4_boundaries,spikes_30pct,23,series4_boundaries__spikes_30pct__rep23,exp_source,mean,shewhart,1,2,255,2,False,99.85728009851921,0.852639016384221,50,500,11000,spikes,0.3,1000,100023
series4_boundaries,spikes_30pct,23,series4_boundaries__spikes_30pct__rep23,exp_source,mean,cusum,1,2,241,2,False,99.85728009851921,0.852639016384221,50,500,11000,spikes,0.3,1000,100023
series4_boundaries,spikes_30pct,23,series4_boundaries__spikes_30pct__rep23,exp_source,mean,ewma,1,2,258,2,False,99.85728009851921,0.852639016384221,50,500,11000,spikes,0.3,1000,100023
series4_boundaries,spikes_30pct,24,series4_boundaries__spikes_30pct__rep24,exp_source,mean,shewhart,1,4,201,4,False,99.95611023930114,1.0262917365022695,50,500,11000,spikes,0.3,1000,100024
series4_boundaries,spikes_30pct,24,series4_boundaries__spikes_30pct__rep24,exp_source,mean,cusum,1,4,182,4,False,99.95611023930114,1.0262917365022695,50,500,11000,spikes,0.3,1000,100024
series4_boundaries,spikes_30pct,24,series4_boundaries__spikes_30pct__rep24,exp_source,mean,ewma,1,4,202,4,False,99.95611023930114,1.0262917365022695,50,500,11000,spikes,0.3,1000,100024
series4_boundaries,spikes_30pct,25,series4_boundaries__spikes_30pct__rep25,exp_source,mean,shewhart,1,2,205,2,False,99.92229660824623,0.9732096317860331,50,500,11000,spikes,0.3,1000,100025
series4_boundaries,spikes_30pct,25,series4_boundaries__spikes_30pct__rep25,exp_source,mean,cusum,1,2,198,2,False,99.92229660824623,0.9732096317860331,50,500,11000,spikes,0.3,1000,100025
series4_boundaries,spikes_30pct,25,series4_boundaries__spikes_30pct__rep25,exp_source,mean,ewma,1,2,233,2,False,99.92229660824623,0.9732096317860331,50,500,11000,spikes,0.3,1000,100025
series4_boundaries,spikes_30pct,26,series4_boundaries__spikes_30pct__rep26,exp_source,mean,shewhart,1,2,177,2,False,99.87149001559568,1.1644228733022761,50,500,11000,spikes,0.3,1000,100026
series4_boundaries,spikes_30pct,26,series4_boundaries__spikes_30pct__rep26,exp_source,mean,cusum,1,7,154,7,False,99.87149001559568,1.1644228733022761,50,500,11000,spikes,0.3,1000,100026
series4_boundaries,spikes_30pct,26,series4_boundaries__spikes_30pct__rep26,exp_source,mean,ewma,1,7,180,7,False,99.87149001559568,1.1644228733022761,50,500,11000,spikes,0.3,1000,100026
series4_boundaries,spikes_30pct,27,series4_boundaries__spikes_30pct__rep27,exp_source,mean,shewhart,1,4,152,4,False,99.92209986537941,1.3276138205680945,50,500,11000,spikes,0.3,1000,100027
series4_boundaries,spikes_30pct,27,series4_boundaries__spikes_30pct__rep27,exp_source,mean,cusum,1,5,127,5,False,99.92209986537941,1.3276138205680945,50,500,11000,spikes,0.3,1000,100027
series4_boundaries,spikes_30pct,27,series4_boundaries__spikes_30pct__rep27,exp_source,mean,ewma,1,5,148,5,False,99.92209986537941,1.3276138205680945,50,500,11000,spikes,0.3,1000,100027
series4_boundaries,spikes_30pct,28,series4_boundaries__spikes_30pct__rep28,exp_source,mean,shewhart,1,11,210,11,False,99.87758623401227,1.0610075950463087,50,500,11000,spikes,0.3,1000,100028
series4_boundaries,spikes_30pct,28,series4_boundaries__spikes_30pct__rep28,exp_source,mean,cusum,1,11,205,11,False,99.87758623401227,1.0610075950463087,50,500,11000,spikes,0.3,1000,100028
series4_boundaries,spikes_30pct,28,series4_boundaries__spikes_30pct__rep28,exp_source,mean,ewma,1,11,207,11,False,99.87758623401227,1.0610075950463087,50,500,11000,spikes,0.3,1000,100028
series4_boundaries,spikes_30pct,29,series4_boundaries__spikes_30pct__rep29,exp_source,mean,shewhart,1,1,262,1,False,99.9908544956641,0.8866018745879549,50,500,11000,spikes,0.3,1000,100029
series4_boundaries,spikes_30pct,29,series4_boundaries__spikes_30pct__rep29,exp_source,mean,cusum,1,1,264,1,False,99.9908544956641,0.8866018745879549,50,500,11000,spikes,0.3,1000,100029
series4_boundaries,spikes_30pct,29,series4_boundaries__spikes_30pct__rep29,exp_source,mean,ewma,1,1,271,1,False,99.9908544956641,0.8866018745879549,50,500,11000,spikes,0.3,1000,100029
series4_boundaries,spikes_30pct,30,series4_boundaries__spikes_30pct__rep30,exp_source,mean,shewhart,1,1,192,1,False,99.93539628382418,1.0503869994498096,50,500,11000,spikes,0.3,1000,100030
series4_boundaries,spikes_30pct,30,series4_boundaries__spikes_30pct__rep30,exp_source,mean,cusum,1,6,187,6,False,99.93539628382418,1.0503869994498096,50,500,11000,spikes,0.3,1000,100030
series4_boundaries,spikes_30pct,30,series4_boundaries__spikes_30pct__rep30,exp_source,mean,ewma,1,1,185,1,False,99.93539628382418,1.0503869994498096,50,500,11000,spikes,0.3,1000,100030
series4_boundaries,spikes_30pct,31,series4_boundaries__spikes_30pct__rep31,exp_source,mean,shewhart,1,2,185,2,False,99.97080024245092,1.1716005201390192,50,500,11000,spikes,0.3,1000,100031
series4_boundaries,spikes_30pct,31,series4_boundaries__spikes_30pct__rep31,exp_source,mean,cusum,1,2,181,2,False,99.97080024245092,1.1716005201390192,50,500,11000,spikes,0.3,1000,100031
series4_boundaries,spikes_30pct,31,series4_boundaries__spikes_30pct__rep31,exp_source,mean,ewma,1,2,261,2,False,99.97080024245092,1.1716005201390192,50,500,11000,spikes,0.3,1000,100031
series4_boundaries,spikes_30pct,32,series4_boundaries__spikes_30pct__rep32,exp_source,mean,shewhart,1,6,194,6,False,99.9656123337827,1.1223848175707503,50,500,11000,spikes,0.3,1000,100032
series4_boundaries,spikes_30pct,32,series4_boundaries__spikes_30pct__rep32,exp_source,mean,cusum,1,5,179,5,False,99.9656123337827,1.1223848175707503,50,500,11000,spikes,0.3,1000,100032
series4_boundaries,spikes_30pct,32,series4_boundaries__spikes_30pct__rep32,exp_source,mean,ewma,1,3,224,3,False,99.9656123337827,1.1223848175707503,50,500,11000,spikes,0.3,1000,100032
series4_boundaries,spikes_30pct,33,series4_boundaries__spikes_30pct__rep33,exp_source,mean,shewhart,1,2,209,2,False,99.86012759002756,1.0888876651391322,50,500,11000,spikes,0.3,1000,100033
series4_boundaries,spikes_30pct,33,series4_boundaries__spikes_30pct__rep33,exp_source,mean,cusum,1,3,184,3,False,99.86012759002756,1.0888876651391322,50,500,11000,spikes,0.3,1000,100033
series4_boundaries,spikes_30pct,33,series4_boundaries__spikes_30pct__rep33,exp_source,mean,ewma,1,3,225,3,False,99.86012759002756,1.0888876651391322,50,500,11000,spikes,0.3,1000,100033
series4_boundaries,spikes_30pct,34,series4_boundaries__spikes_30pct__rep34,exp_source,mean,shewhart,1,1,160,1,False,99.97007317933739,1.3303398562063875,50,500,11000,spikes,0.3,1000,100034
series4_boundaries,spikes_30pct,34,series4_boundaries__spikes_30pct__rep34,exp_source,mean,cusum,1,4,145,4,False,99.97007317933739,1.3303398562063875,50,500,11000,spikes,0.3,1000,100034
series4_boundaries,spikes_30pct,34,series4_boundaries__spikes_30pct__rep34,exp_source,mean,ewma,1,1,169,1,False,99.97007317933739,1.3303398562063875,50,500,11000,spikes,0.3,1000,100034
series4_boundaries,spikes_30pct,35,series4_boundaries__spikes_30pct__rep35,exp_source,mean,shewhart,1,5,232,5,False,99.80889281927769,0.9474707754232683,50,500,11000,spikes,0.3,1000,100035
series4_boundaries,spikes_30pct,35,series4_boundaries__spikes_30pct__rep35,exp_source,mean,cusum,1,7,208,7,False,99.80889281927769,0.9474707754232683,50,500,11000,spikes,0.3,1000,100035
series4_boundaries,spikes_30pct,35,series4_boundaries__spikes_30pct__rep35,exp_source,mean,ewma,1,6,209,6,False,99.80889281927769,0.9474707754232683,50,500,11000,spikes,0.3,1000,100035
series4_boundaries,spikes_30pct,36,series4_boundaries__spikes_30pct__rep36,exp_source,mean,shewhart,1,3,161,3,False,100.19899623536709,1.273559427869098,50,500,11000,spikes,0.3,1000,100036
series4_boundaries,spikes_30pct,36,series4_boundaries__spikes_30pct__rep36,exp_source,mean,cusum,1,4,138,4,False,100.19899623536709,1.273559427869098,50,500,11000,spikes,0.3,1000,100036
series4_boundaries,spikes_30pct,36,series4_boundaries__spikes_30pct__rep36,exp_source,mean,ewma,1,3,184,3,False,100.19899623536709,1.273559427869098,50,500,11000,spikes,0.3,1000,100036
series4_boundaries,spikes_30pct,37,series4_boundaries__spikes_30pct__rep37,exp_source,mean,shewhart,1,2,205,2,False,100.1368895728645,0.9319803359229889,50,500,11000,spikes,0.3,1000,100037
series4_boundaries,spikes_30pct,37,series4_boundaries__spikes_30pct__rep37,exp_source,mean,cusum,1,5,191,5,False,100.1368895728645,0.9319803359229889,50,500,11000,spikes,0.3,1000,100037
series4_boundaries,spikes_30pct,37,series4_boundaries__spikes_30pct__rep37,exp_source,mean,ewma,1,5,251,5,False,100.1368895728645,0.9319803359229889,50,500,11000,spikes,0.3,1000,100037
series4_boundaries,spikes_30pct,38,series4_boundaries__spikes_30pct__rep38,exp_source,mean,shewhart,1,2,208,2,False,99.80943217752181,1.0257308819110376,50,500,11000,spikes,0.3,1000,100038
series4_boundaries,spikes_30pct,38,series4_boundaries__spikes_30pct__rep38,exp_source,mean,cusum,1,5,185,5,False,99.80943217752181,1.0257308819110376,50,500,11000,spikes,0.3,1000,100038
series4_boundaries,spikes_30pct,38,series4_boundaries__spikes_30pct__rep38,exp_source,mean,ewma,1,5,220,5,False,99.80943217752181,1.0257308819110376,50,500,11000,spikes,0.3,1000,100038
series4_boundaries,spikes_30pct,39,series4_boundaries__spikes_30pct__rep39,exp_source,mean,shewhart,1,1,172,1,False,100.09027411757852,1.2788969521863622,50,500,11000,spikes,0.3,1000,100039
series4_boundaries,spikes_30pct,39,series4_boundaries__spikes_30pct__rep39,exp_source,mean,cusum,1,1,152,1,False,100.09027411757852,1.2788969521863622,50,500,11000,spikes,0.3,1000,100039
series4_boundaries,spikes_30pct,39,series4_boundaries__spikes_30pct__rep39,exp_source,mean,ewma,1,1,173,1,False,100.09027411757852,1.2788969521863622,50,500,11000,spikes,0.3,1000,100039
series4_boundaries,spikes_30pct,40,series4_boundaries__spikes_30pct__rep40,exp_source,mean,shewhart,1,3,181,3,False,100.04522919486533,1.1130711491292617,50,500,11000,spikes,0.3,1000,100040
series4_boundaries,spikes_30pct,40,series4_boundaries__spikes_30pct__rep40,exp_source,mean,cusum,1,6,152,6,False,100.04522919486533,1.1130711491292617,50,500,11000,spikes,0.3,1000,100040
series4_boundaries,spikes_30pct,40,series4_boundaries__spikes_30pct__rep40,exp_source,mean,ewma,1,6,209,6,False,100.04522919486533,1.1130711491292617,50,500,11000,spikes,0.3,1000,100040
series4_boundaries,spikes_30pct,41,series4_boundaries__spikes_30pct__rep41,exp_source,mean,shewhart,1,2,163,2,False,99.87856305480055,1.1780427944416838,50,500,11000,spikes,0.3,1000,100041
series4_boundaries,spikes_30pct,41,series4_boundaries__spikes_30pct__rep41,exp_source,mean,cusum,1,2,151,2,False,99.87856305480055,1.1780427944416838,50,500,11000,spikes,0.3,1000,100041
series4_boundaries,spikes_30pct,41,series4_boundaries__spikes_30pct__rep41,exp_source,mean,ewma,1,2,174,2,False,99.87856305480055,1.1780427944416838,50,500,11000,spikes,0.3,1000,100041
series4_boundaries,spikes_30pct,42,series4_boundaries__spikes_30pct__rep42,exp_source,mean,shewhart,1,1,256,1,False,99.9094338665628,0.7931504358898521,50,500,11000,spikes,0.3,1000,100042
series4_boundaries,spikes_30pct,42,series4_boundaries__spikes_30pct__rep42,exp_source,mean,cusum,1,1,242,1,False,99.9094338665628,0.7931504358898521,50,500,11000,spikes,0.3,1000,100042
series4_boundaries,spikes_30pct,42,series4_boundaries__spikes_30pct__rep42,exp_source,mean,ewma,1,1,272,1,False,99.9094338665628,0.7931504358898521,50,500,11000,spikes,0.3,1000,100042
series4_boundaries,spikes_30pct,43,series4_boundaries__spikes_30pct__rep43,exp_source,mean,shewhart,1,3,223,3,False,99.84810430149335,0.9802108304547439,50,500,11000,spikes,0.3,1000,100043
series4_boundaries,spikes_30pct,43,series4_boundaries__spikes_30pct__rep43,exp_source,mean,cusum,1,4,190,4,False,99.84810430149335,0.9802108304547439,50,500,11000,spikes,0.3,1000,100043
series4_boundaries,spikes_30pct,43,series4_boundaries__spikes_30pct__rep43,exp_source,mean,ewma,1,4,231,4,False,99.84810430149335,0.9802108304547439,50,500,11000,spikes,0.3,1000,100043
series4_boundaries,spikes_30pct,44,series4_boundaries__spikes_30pct__rep44,exp_source,mean,shewhart,1,2,181,2,False,100.15885598415865,1.215153207074688,50,500,11000,spikes,0.3,1000,100044
series4_boundaries,spikes_30pct,44,series4_boundaries__spikes_30pct__rep44,exp_source,mean,cusum,1,3,173,3,False,100.15885598415865,1.215153207074688,50,500,11000,spikes,0.3,1000,100044
series4_boundaries,spikes_30pct,44,series4_boundaries__spikes_30pct__rep44,exp_source,mean,ewma,1,2,141,2,False,100.15885598415865,1.215153207074688,50,500,11000,spikes,0.3,1000,100044
series4_boundaries,spikes_30pct,45,series4_boundaries__spikes_30pct__rep45,exp_source,mean,shewhart,1,1,158,1,False,99.96229739203498,1.26108825752476,50,500,11000,spikes,0.3,1000,100045
series4_boundaries,spikes_30pct,45,series4_boundaries__spikes_30pct__rep45,exp_source,mean,cusum,1,2,138,2,False,99.96229739203498,1.26108825752476,50,500,11000,spikes,0.3,1000,100045
series4_boundaries,spikes_30pct,45,series4_boundaries__spikes_30pct__rep45,exp_source,mean,ewma,1,1,154,1,False,99.96229739203498,1.26108825752476,50,500,11000,spikes,0.3,1000,100045
series4_boundaries,spikes_30pct,46,series4_boundaries__spikes_30pct__rep46,exp_source,mean,shewhart,1,1,196,1,False,99.96307935633895,1.0945806942106107,50,500,11000,spikes,0.3,1000,100046
series4_boundaries,spikes_30pct,46,series4_boundaries__spikes_30pct__rep46,exp_source,mean,cusum,1,3,179,3,False,99.96307935633895,1.0945806942106107,50,500,11000,spikes,0.3,1000,100046
series4_boundaries,spikes_30pct,46,series4_boundaries__spikes_30pct__rep46,exp_source,mean,ewma,1,1,212,1,False,99.96307935633895,1.0945806942106107,50,500,11000,spikes,0.3,1000,100046
series4_boundaries,spikes_30pct,47,series4_boundaries__spikes_30pct__rep47,exp_source,mean,shewhart,1,2,172,2,False,100.23989014991837,1.1334462264926306,50,500,11000,spikes,0.3,1000,100047
series4_boundaries,spikes_30pct,47,series4_boundaries__spikes_30pct__rep47,exp_source,mean,cusum,1,4,158,4,False,100.23989014991837,1.1334462264926306,50,500,11000,spikes,0.3,1000,100047
series4_boundaries,spikes_30pct,47,series4_boundaries__spikes_30pct__rep47,exp_source,mean,ewma,1,4,184,4,False,100.23989014991837,1.1334462264926306,50,500,11000,spikes,0.3,1000,100047
series4_boundaries,spikes_30pct,48,series4_boundaries__spikes_30pct__rep48,exp_source,mean,shewhart,1,4,213,4,False,99.80217884249333,1.0322504859621364,50,500,11000,spikes,0.3,1000,100048
series4_boundaries,spikes_30pct,48,series4_boundaries__spikes_30pct__rep48,exp_source,mean,cusum,1,6,196,6,False,99.80217884249333,1.0322504859621364,50,500,11000,spikes,0.3,1000,100048
series4_boundaries,spikes_30pct,48,series4_boundaries__spikes_30pct__rep48,exp_source,mean,ewma,1,7,209,7,False,99.80217884249333,1.0322504859621364,50,500,11000,spikes,0.3,1000,100048
series4_boundaries,spikes_30pct,49,series4_boundaries__spikes_30pct__rep49,exp_source,mean,shewhart,1,2,202,2,False,99.61415459211618,1.0743969911296622,50,500,11000,spikes,0.3,1000,100049
series4_boundaries,spikes_30pct,49,series4_boundaries__spikes_30pct__rep49,exp_source,mean,cusum,1,5,178,5,False,99.61415459211618,1.0743969911296622,50,500,11000,spikes,0.3,1000,100049
series4_boundaries,spikes_30pct,49,series4_boundaries__spikes_30pct__rep49,exp_source,mean,ewma,1,11,185,11,False,99.61415459211618,1.0743969911296622,50,500,11000,spikes,0.3,1000,100049
series4_boundaries,spikes_30pct,50,series4_boundaries__spikes_30pct__rep50,exp_source,mean,shewhart,1,3,183,3,False,99.9893455873979,1.1797956630609316,50,500,11000,spikes,0.3,1000,100050
series4_boundaries,spikes_30pct,50,series4_boundaries__spikes_30pct__rep50,exp_source,mean,cusum,1,3,154,3,False,99.9893455873979,1.1797956630609316,50,500,11000,spikes,0.3,1000,100050
series4_boundaries,spikes_30pct,50,series4_boundaries__spikes_30pct__rep50,exp_source,mean,ewma,1,3,169,3,False,99.9893455873979,1.1797956630609316,50,500,11000,spikes,0.3,1000,100050
